,tweet_index,comp,positive,negative,neutral,text,created_at
0,-1,0.4033,0.125,0.0,0.875,"It is unusual, and refreshing, to see an addiction film that has such little interest in psychoanalysing its subject https://t.co/JKz2CTsNbP",Sun Oct 07 18:37:24 +0000 2018
1,-2,0.4404,0.162,0.0,0.838,An eponymous exhibition at the Neuer Berliner Kunstverein is a first draft of her creative history https://t.co/dmCiKragyJ,Sun Oct 07 18:21:43 +0000 2018
2,-3,0.765,0.306,0.0,0.694,Discover a richer perspective on the global trends shaping your future with The Economist. Enjoy a 12-week subscrip… https://t.co/TifDQsgmOm,Sun Oct 07 18:04:31 +0000 2018
3,-4,-0.2732,0.0,0.08,0.92,"RT @JeremyCliffe: Russia could suddenly cut off the Baltic states from the rest of NATO, by closing the ""Suwalki gap"", if it decided that o…",Sun Oct 07 17:52:49 +0000 2018
4,-5,-0.6369,0.0,0.219,0.781,Guns that find their way to Cape Town’s murderous gangs often come from the police https://t.co/fRi9WHove1,Sun Oct 07 17:48:09 +0000 2018
5,-6,-0.5106,0.0,0.18,0.82,"Hard-core Brexiteers are evidence of an ugly turn in British politics towards tub-thumping, no-holds-barred populis… https://t.co/1bHzyCE68E",Sun Oct 07 17:31:07 +0000 2018
6,-7,0.0,0.0,0.0,1.0,The odds of a dramatic “peace declaration” are rising. Donald Trump seems to see such a step as a means to a Nobel… https://t.co/iX8jor6LcE,Sun Oct 07 17:15:06 +0000 2018
7,-8,0.0,0.0,0.0,1.0,"Who was the Edward Snowden of the Victorian era? Christopher Andrew, the author of “The Secret World”, tells… https://t.co/FyBd8xe1j0",Sun Oct 07 17:11:51 +0000 2018
8,-9,0.4215,0.149,0.0,0.851,The saga ended in a manner appropriate to the United States Senate: with hours of pointless verbiage https://t.co/73zchNc9WO,Sun Oct 07 16:52:48 +0000 2018
9,-10,-0.34,0.154,0.333,0.513,Saudi Arabia’s repression reaches Istanbul https://t.co/O1E4mnmLfV,Sun Oct 07 16:36:40 +0000 2018
10,-11,-0.765,0.0,0.337,0.663,Donald Trump’s crude attacks on Christine Blasey Ford can be viewed as a tactical ploy https://t.co/7HtnPjPDIv,Sun Oct 07 16:18:28 +0000 2018
11,-12,0.0772,0.24,0.227,0.533,"Many comedians use laughter to overcome or acknowledge their suffering, transmogrifying personal darkness into light https://t.co/MXuxMuTArP",Sun Oct 07 16:03:25 +0000 2018
12,-13,0.0,0.0,0.0,1.0,"The Czech president, Milos Zeman, wants his country to be China’s “unsinkable aircraft-carrier” in Europe https://t.co/I2uvJkSZxH",Sun Oct 07 15:45:23 +0000 2018
13,-14,-0.3612,0.0,0.122,0.878,Many doubt that the sale of Wembley would achieve the “transformation” of the grassroots game that England's Footba… https://t.co/kQefTYwfGN,Sun Oct 07 15:29:44 +0000 2018
14,-15,0.7003,0.266,0.0,0.734,The bald eagle’s rescue from the brink of extinction shows the importance of America's environmental protection leg… https://t.co/SRu5NU1epe,Sun Oct 07 15:11:28 +0000 2018
15,-16,0.34,0.118,0.0,0.882,The fiction behind plea bargains is that the innocent will stand fast. Case reviews and psychology experiments show… https://t.co/6Q3qDrGrQA,Sun Oct 07 15:00:40 +0000 2018
16,-17,0.6369,0.206,0.0,0.794,"Amazon's wage hike will be in place in time for the holiday season, when firm will need to attract 100,000 temporar… https://t.co/qbsWhpmhGj",Sun Oct 07 14:56:03 +0000 2018
17,-18,-0.3612,0.0,0.116,0.884,"""There is something quite white, middle class and male about the debating format,"" laments the master of Dulwich Co… https://t.co/yKQprmas9t",Sun Oct 07 14:39:18 +0000 2018
18,-19,0.0,0.0,0.0,1.0,Why shipping is returning to wind power https://t.co/lRd4TElVcx,Sun Oct 07 14:24:00 +0000 2018
19,-20,0.0,0.0,0.0,1.0,Facebook feels the force of the EU's strict privacy laws https://t.co/SAndzBDG6e,Sun Oct 07 14:05:52 +0000 2018
20,-21,0.5574,0.223,0.0,0.777,"Early October is a nerve-wracking time for top scientists, secretly hoping for an invitation to the Nobel celebrati… https://t.co/nxzBxygIsZ",Sun Oct 07 13:49:41 +0000 2018
21,-22,0.0,0.0,0.0,1.0,Brett Kavanaugh could take his seat on the bench as early as Tuesday—but the repercussions will be felt for years t… https://t.co/cDSAGUl0Im,Sun Oct 07 13:31:02 +0000 2018
22,-23,0.3182,0.15,0.0,0.85,"China's ""first-to-file"" trademark law means speedy filings by locals can beat original brand-owners https://t.co/ryXfUWTB64",Sun Oct 07 13:15:46 +0000 2018
23,-24,0.128,0.119,0.099,0.782,"RT @sarahmaslin: Thanks to Brazil’s e-voting system, we’ll know the results within a couple hours. But in a tense election, rumours are fly…",Sun Oct 07 13:04:02 +0000 2018
24,-25,-0.2732,0.0,0.123,0.877,"""Stars, planets and gender: a framework for a feminist astronomy"" was the title of one hoax paper https://t.co/kHHQhjz5Th",Sun Oct 07 13:00:24 +0000 2018
25,-26,0.5859,0.192,0.0,0.808,"If the markets continue to turn against Italy, Luigi di Maio's joy will be short lived https://t.co/AsJnmdhbs8",Sun Oct 07 12:44:56 +0000 2018
26,-27,-0.7003,0.0,0.293,0.707,Low-skilled workers with poor bargaining power lose most from the rise of the gig economy https://t.co/TJjJWjRt4S,Sun Oct 07 12:28:36 +0000 2018
27,-28,0.886,0.464,0.0,0.536,David Polonsky's beautiful artwork offers a charming and convincing view of Anne on the page  https://t.co/Blzsvv3AuK,Sun Oct 07 12:10:51 +0000 2018
28,-29,-0.4391,0.0,0.153,0.847,British police call spice “one of the most severe public-health issues we have faced in decades” https://t.co/ffyISKUos2,Sun Oct 07 11:54:45 +0000 2018
29,-30,0.0258,0.091,0.0,0.909,Exomoons are out there. Finding them is only a matter of time  https://t.co/TqZdD1JjOG,Sun Oct 07 11:38:58 +0000 2018
30,-31,-0.624,0.0,0.211,0.789,"Since there are few folk more gullible than editors and reporters desperate to fill the front page, an invitation c… https://t.co/gh6i4AUPl0",Sun Oct 07 11:22:59 +0000 2018
31,-32,0.2263,0.137,0.1,0.763,"Theresa May is fighting for her political life. But is she winning? Our Europe editor, Chris Lockwood, hosts “The w… https://t.co/CTwrJpRb7P",Sun Oct 07 11:05:30 +0000 2018
32,-33,-0.743,0.0,0.259,0.741,"After failing to reclaim 400km of coastline, Bolivia is still arguing with Chile over the Silala river. Relations b… https://t.co/ne7fFCdxkk",Sun Oct 07 10:49:15 +0000 2018
33,-34,-0.6369,0.0,0.224,0.776,In America bullies pick on “nerds”. In China and South Korea those with poor grades are at a higher risk https://t.co/KyX3dup0Pw,Sun Oct 07 10:32:22 +0000 2018
34,-35,-0.631,0.0,0.274,0.726,"Companies are catering to millennial tastes, but sometimes get it wrong https://t.co/UgwnD8n6JR",Sun Oct 07 10:15:44 +0000 2018
35,-36,0.1531,0.086,0.0,0.914,"International aid is helping Latin American countries deal with Venezuelan refugees, but much more will be needed https://t.co/1dSlbpGoxt",Sun Oct 07 09:57:02 +0000 2018
36,-37,0.0,0.0,0.0,1.0,"100,000 pages of documents, combed over by the New York Times, suggest Donald Trump was involved in ""dubious"" tax s… https://t.co/zuhqppFAms",Sun Oct 07 09:40:48 +0000 2018
37,-38,0.8415,0.376,0.0,0.624,Dahl shows that difference need not mean loneliness and that pluck and intelligence are to be treasured https://t.co/Nljvt8JnkR,Sun Oct 07 09:24:24 +0000 2018
38,-39,-0.4213,0.084,0.202,0.714,"A marginal liberalisation of the Canadian dairy industry is welcome, but it is not worth higher costs and lower pro… https://t.co/a2U5bf3Onx",Sun Oct 07 09:09:18 +0000 2018
39,-40,0.2584,0.085,0.0,0.915,On October 1st Mr Trump said—as he has before—that he does not blame China for “ripping us [off] for so many years” https://t.co/tKNuogx1ng,Sun Oct 07 08:53:38 +0000 2018
40,-41,0.3818,0.148,0.0,0.852,New Orleans embraces writers while they are alive and reveres them when they are gone https://t.co/uL98DLFnqP,Sun Oct 07 08:38:24 +0000 2018
41,-42,0.1027,0.119,0.102,0.779,"Cleopatra’s Needle, a gift to Britain from Egypt, is one of a pair. The other sits in a lonely corner of Central Pa… https://t.co/FSo65bhldN",Sun Oct 07 08:23:04 +0000 2018
42,-43,0.0,0.366,0.366,0.268,Europe’s great potato crisis https://t.co/vweJoYfsYo,Sun Oct 07 08:07:53 +0000 2018
43,-44,-0.7717,0.0,0.34,0.66,"Tunisia’s government has allowed the currency to weaken, wreaking havoc on the state’s balance-sheet https://t.co/SEkQJIxpko",Sun Oct 07 07:50:48 +0000 2018
44,-45,0.0,0.0,0.0,1.0,A Chinese writer calls for private companies to fade away https://t.co/j17Ptp4ufb,Sun Oct 07 07:34:21 +0000 2018
45,-46,0.0,0.0,0.0,1.0,A year on from the referendum and Catalan separatists are lacking a strategy https://t.co/u4NgjOHfWG,Sun Oct 07 07:18:10 +0000 2018
46,-47,-0.1779,0.115,0.194,0.691,Greater protection and burdensome rules for carmakers under the USMCA mean that American consumers will pay more https://t.co/y4TqT1B5cj,Sun Oct 07 07:01:45 +0000 2018
47,-48,0.34,0.156,0.0,0.844,"To market to millennials, companies focus on transparency, experiences over ""stuff"" and flexibility https://t.co/5PkWdTp02y",Sun Oct 07 06:44:28 +0000 2018
48,-49,0.6808,0.337,0.0,0.663,Europe lacks the cash and the willingness to create a real substitute for America's security umbrella https://t.co/S9oMRiTfZu,Sun Oct 07 06:28:01 +0000 2018
49,-50,0.296,0.239,0.0,0.761,A new Arab military alliance has dim prospects https://t.co/zj9uDhF1dJ,Sun Oct 07 06:11:15 +0000 2018
50,-51,0.0516,0.102,0.093,0.805,"No security guarantees will be enough for Kim Jong Un to give up his nukes, hawks on North Korea say https://t.co/S81X8PMcl1",Sun Oct 07 05:55:04 +0000 2018
51,-52,0.34,0.124,0.0,0.876,"Tit-for-tat atrocities by security forces and separatists in Cameroon has led to 160,000 people being displaced and… https://t.co/yX3dDSp8Bf",Sun Oct 07 05:45:39 +0000 2018
52,-53,-0.4391,0.0,0.145,0.855,Most modern states feel very uncomfortable when delving into religious affairs. But the cohesion of society require… https://t.co/S5MFVusSQT,Sun Oct 07 05:29:22 +0000 2018
53,-54,-0.4215,0.0,0.177,0.823,European potato farmers are struggling to adapt to droughts caused by climate change https://t.co/NMdGidWQjs,Sun Oct 07 05:13:20 +0000 2018
54,-55,0.0258,0.058,0.0,0.942,Sheikh Hasina says the bill regulating online publishing is necessary to prevent the spread of radicalism and porno… https://t.co/1lkvPINOXM,Sun Oct 07 04:57:00 +0000 2018
55,-56,0.0,0.0,0.0,1.0,Indian universities are becoming marginally less sexist https://t.co/vfaxQtbI16,Sun Oct 07 04:55:44 +0000 2018
56,-57,0.0,0.0,0.0,1.0,Andrew Roberts paints the fullest ever picture of Churchill https://t.co/L561FGOm1s,Sun Oct 07 04:40:29 +0000 2018
57,-58,0.0,0.0,0.0,1.0,Italy heads for a budget stand-off with the European Commission https://t.co/H9kLnqyXmz,Sun Oct 07 04:25:11 +0000 2018
58,-59,0.0,0.0,0.0,1.0,Elon Musk’s grip on Tesla loosens https://t.co/8vcH057LOm,Sun Oct 07 04:08:20 +0000 2018
59,-60,-0.5267,0.0,0.159,0.841,"Democracy is under threat all around the world. There are four stages to dismantling a democracy, starting with a c… https://t.co/DBoXwiqAko",Sun Oct 07 04:00:58 +0000 2018
60,-61,0.0,0.0,0.0,1.0,"Chinese investments in Europe soared to nearly €36bn in 2016, almost double the previous year’s total… https://t.co/qlM9taIhBC",Sun Oct 07 03:48:48 +0000 2018
61,-62,0.0,0.0,0.0,1.0,What began on the playground and in the classroom has moved to social media https://t.co/g8pr34PRMg,Sun Oct 07 03:30:11 +0000 2018
62,-63,-0.4795,0.0,0.308,0.692,Why Italy’s budget plan is so worrying https://t.co/mhJO8ijAZI,Sun Oct 07 03:12:04 +0000 2018
63,-64,0.0,0.0,0.0,1.0,European efforts to screen Chinese investments are barely keeping up with the cash flowing in https://t.co/CrkoXUzM8b,Sun Oct 07 02:52:28 +0000 2018
64,-65,0.5106,0.171,0.0,0.829,Some Indian mutual funds and insurers may expect the government to rescue them from any mis-step https://t.co/5cFzGyV1bm,Sun Oct 07 02:33:07 +0000 2018
65,-66,-0.4767,0.0,0.205,0.795,Another set of fake papers takes aim at social science’s nether regions https://t.co/9YGNq1E8Bh,Sun Oct 07 02:14:56 +0000 2018
66,-67,-0.6705,0.108,0.289,0.602,"As the bombs fall across Europe, the protagonist veers from naïve and romantic to violent and despairing https://t.co/nQ2Fpw91Ad",Sun Oct 07 01:56:36 +0000 2018
67,-68,-0.6597,0.0,0.216,0.784,"Membership in a gang can offer an identity, food and clothes. But it can also mean killing https://t.co/Qbp4KGAdEO",Sun Oct 07 01:37:52 +0000 2018
68,-69,-0.7783,0.0,0.298,0.702,"Race, history, madness, identity, survival, death: these are the issues that have always concerned New Orleans's ch… https://t.co/RPH9U6UsIL",Sun Oct 07 01:19:41 +0000 2018
69,-70,0.0,0.0,0.0,1.0,China has designs on Europe. Here is how Europe should respond https://t.co/IysYfhJ3L6,Sun Oct 07 01:01:14 +0000 2018
70,-71,-0.5423,0.119,0.263,0.617,Matilda has power and uses it for good; she chooses curiosity and independence over ignorance and cruelty https://t.co/XcdRFllu2V,Sun Oct 07 00:41:18 +0000 2018
71,-72,0.7399,0.248,0.0,0.752,Who would star in your ideal rom-com? A young Hugh Grant with James Dean’s hair? Maybe there’s some Marlon Brando i… https://t.co/zISszc3Xe2,Sun Oct 07 00:21:38 +0000 2018
72,-73,-0.5082,0.088,0.169,0.744,"In Japan more pupils commit suicide on September 1st, just before the start of the new term, than on any other day https://t.co/gXI2zqAtbl",Sun Oct 07 00:03:06 +0000 2018
73,-74,0.561,0.232,0.0,0.768,The case this terrific new biography makes for Churchill's greatness is incontestable https://t.co/faT6aTpSmM,Sat Oct 06 23:43:46 +0000 2018
74,-75,0.5267,0.531,0.0,0.469,Justice Brett Kavanaugh https://t.co/8z6J31MG7a,Sat Oct 06 23:24:33 +0000 2018
75,-76,0.7717,0.372,0.0,0.628,"Anne Frank's writing is at once lively and sombre, funny and philosophical, bleak and buoyant https://t.co/EKoEkXKCQ8",Sat Oct 06 23:05:01 +0000 2018
76,-77,0.4588,0.375,0.0,0.625,The 2018 Nobel science prizes https://t.co/CyU1sRIriR,Sat Oct 06 22:44:57 +0000 2018
77,-78,-0.7951,0.0,0.503,0.497,Parents worry more about bullying than anything else https://t.co/x9pqG0y2Yl,Sat Oct 06 22:26:30 +0000 2018
78,-79,0.0,0.0,0.0,1.0,Coping with two million Venezuelan refugees https://t.co/l9N5fXptfl,Sat Oct 06 22:08:19 +0000 2018
79,-80,-0.4215,0.0,0.203,0.797,Worries about the rise of the gig economy are mostly overblown https://t.co/y5HJLQrMdZ,Sat Oct 06 21:48:13 +0000 2018
80,-81,0.0,0.0,0.0,1.0,"Africa’s oldest president, campaigns for another term in Cameroon https://t.co/5dCPqxBS1k",Sat Oct 06 21:28:34 +0000 2018
81,-82,0.4939,0.225,0.0,0.775,Economists care about where they publish—to the cost of the profession https://t.co/uXcfgyYOsK,Sat Oct 06 21:12:13 +0000 2018
82,-83,0.5267,0.207,0.0,0.793,President Trump's impact on the American justice system could be his biggest legacy https://t.co/ZgudY94njP,Sat Oct 06 21:02:21 +0000 2018
83,-84,-0.128,0.181,0.215,0.604,"Rather than courting support, Prince Muhammad is ruling by fear https://t.co/g21vHfbHxT",Sat Oct 06 20:53:26 +0000 2018
84,-85,0.5709,0.238,0.0,0.762,"More important than any new alliance is America’s commitment to the Middle East, which is waning https://t.co/KVqvtvdxqp",Sat Oct 06 20:34:33 +0000 2018
85,-86,0.0258,0.128,0.123,0.749,General Electric lost over $100bn in market value under the 14-month tenure of John Flannery https://t.co/nPP9nNGJ8k,Sat Oct 06 20:16:46 +0000 2018
86,-87,-0.5106,0.0,0.216,0.784,Spice addiction has become an epidemic among Britain's prisoners and rough sleepers https://t.co/r4eHFEEL5X,Sat Oct 06 20:01:13 +0000 2018
87,-88,0.5719,0.171,0.0,0.829,"It is 1940 and Juliet Armstrong, educated but idealistic, is employed by a mysterious arm of the secret service https://t.co/NqxjFBr5ff",Sat Oct 06 19:44:21 +0000 2018
88,-89,0.8271,0.352,0.0,0.648,Tesla shareholders hope a chairman to oversee Elon Musk will keep him focused on the considerable job at hand https://t.co/lUP05aV0WV,Sat Oct 06 19:26:13 +0000 2018
89,-90,0.0,0.0,0.0,1.0,Emmanuel Macron wants to refashion Islam in France. America and Britain take a more pragmatic approach https://t.co/WxgTKSpye7,Sat Oct 06 19:08:13 +0000 2018
90,-91,-0.1531,0.0,0.167,0.833,Reducing cyber-bullying through legislation is often tricky https://t.co/C4bfB7s6Ef https://t.co/eHqtbGZjZL,Sat Oct 06 18:51:01 +0000 2018
91,-92,-0.5267,0.144,0.356,0.5,“Restorative” methods have further traumatised victims instead of providing a solution https://t.co/NhGOxhbFXs,Sat Oct 06 18:35:09 +0000 2018
92,-93,0.0,0.0,0.0,1.0,"There were at least two periods when Homo sapiens and Homo neanderthalensis interbred, resulting in lasting benefit… https://t.co/2fwAilwqOZ",Sat Oct 06 18:16:01 +0000 2018
93,-94,0.2144,0.085,0.0,0.915,"The party is not only afraid of genuine Marxists, but also of Peking University’s long history at the forefront of… https://t.co/bikKByXsPw",Sat Oct 06 18:00:29 +0000 2018
94,-95,0.0,0.0,0.0,1.0,Western relations with China have long whiffed of hypocrisy https://t.co/gIp3ww3O06,Sat Oct 06 17:45:07 +0000 2018
95,-96,-0.7964,0.0,0.31,0.69,China fears North Korea falling into the American orbit; America would hate South Korea to fall into the Chinese one https://t.co/PDYx1JmbXM,Sat Oct 06 17:29:01 +0000 2018
96,-97,0.0772,0.202,0.192,0.606,Films about comedians have struggled to get the balance right between private pain and the joy they bring to the pu… https://t.co/gIaspqpUzE,Sat Oct 06 17:22:20 +0000 2018
97,-98,0.0,0.0,0.0,1.0,"Electronic voting has made Brazil’s elections more reliable, not less https://t.co/u3GMA8m2j5",Sat Oct 06 17:05:04 +0000 2018
98,-99,0.4404,0.139,0.0,0.861,The case is a good example of how grisly and conceptually slippery the analysis of death-penalty cases can be https://t.co/7IPs3omisj,Sat Oct 06 16:48:52 +0000 2018
99,-100,0.0,0.0,0.0,1.0,Anglophones and Francophones still approach Islam differently https://t.co/E3ihXetDxi,Sat Oct 06 16:32:03 +0000 2018
100,-101,0.4019,0.13,0.0,0.87,Britons reassured by the banks’ stability since the Brexit referendum may have returned their cash to the vaults https://t.co/N4r76k4NGQ,Sat Oct 06 16:13:16 +0000 2018
101,-102,0.2023,0.145,0.102,0.753,"Ted Cruz has enlisted the help of Donald Trump for his campaign, highlighting his vulnerability  https://t.co/qtr2TbOaIZ",Sat Oct 06 15:56:51 +0000 2018
102,-103,0.4927,0.197,0.0,0.803,Employees don't need to work long hours for a business to be highly profitable https://t.co/yrUeUucQR3,Sat Oct 06 15:40:19 +0000 2018
103,-104,0.0,0.0,0.0,1.0,".@FukuyamaFrancis on identity politics, liberal democracy and the plight of minorities #OpenFuture https://t.co/EQVIBpSgHG",Sat Oct 06 15:25:03 +0000 2018
104,-105,0.5574,0.194,0.0,0.806,Our interactive traces how the politics of America's Supreme Court justices has shifted over time https://t.co/lSAyjxACBS,Sat Oct 06 15:08:10 +0000 2018
105,-106,0.3612,0.152,0.0,0.848,"Polls put Democrats narrowly ahead in Republican-held states like Florida, Nevada, Iowa and Wisconsin  https://t.co/Uv7MB24zPM",Sat Oct 06 14:53:05 +0000 2018
106,-107,-0.0516,0.149,0.161,0.69,Waste generation needs to be decoupled from economic growth and rising living standards https://t.co/bAsglepA7n,Sat Oct 06 14:37:32 +0000 2018
107,-108,0.3612,0.161,0.0,0.839,Northern Ireland's Renewable Heat Incentive scheme may have cost £500m of public money https://t.co/UcKMEen6jg,Sat Oct 06 14:22:20 +0000 2018
108,-109,0.4215,0.141,0.0,0.859,"Next month Colorado, Missouri, Utah and Michigan all have the opportunity to wrest control of district-drawing away… https://t.co/b1YKNL7YRp",Sat Oct 06 14:05:14 +0000 2018
109,-110,0.0,0.0,0.0,1.0,Nothing and everything has changed in Catalonia https://t.co/B5762fiP8l,Sat Oct 06 13:49:36 +0000 2018
110,-111,-0.3612,0.0,0.111,0.889,Channel 4's move northward may be undermined by bosses' caution. The initial move would include less than half of t… https://t.co/PLtf5aluOd,Sat Oct 06 13:32:42 +0000 2018
111,-112,0.2263,0.169,0.127,0.704,In rich countries the absence of professional waste-pickers presents a problem. The general public isn't very good… https://t.co/BW5hpUAr0b,Sat Oct 06 13:16:39 +0000 2018
112,-113,0.0,0.0,0.0,1.0,"Ocado, a British online-grocery company, is using air-traffic-control systems and AI technology to co-ordinate 700… https://t.co/Q1MSZ0rwdV",Sat Oct 06 13:01:09 +0000 2018
113,-114,-0.5574,0.0,0.153,0.847,The ocean is dark and full of terrors. Listen to “Babbage” for the extraordinary story of the ocean's blackest fish… https://t.co/gXAML4KUHo,Sat Oct 06 12:59:32 +0000 2018
114,-115,0.0,0.0,0.0,1.0,Germany’s potato harvest is 25% smaller than usual this year https://t.co/WHyjZIdl8E,Sat Oct 06 12:44:11 +0000 2018
115,-116,0.024,0.203,0.199,0.597,"For Alan Abel it wasn’t hard to create a little havoc and, at times, administer a kick in the intellect https://t.co/wFwKwszPuU",Sat Oct 06 12:28:15 +0000 2018
116,-117,0.5267,0.18,0.0,0.82,"Under USMCA rules, cars will have to have 75% of their value created within North America to cross its borders duty… https://t.co/KxMnvFl4uS",Sat Oct 06 12:11:49 +0000 2018
117,-118,0.0,0.0,0.0,1.0,Vocal fry is found among all sorts of speakers. It just tends to be noticed more often among young women https://t.co/YNSTgr1Y9r,Sat Oct 06 11:54:30 +0000 2018
118,-119,-0.802,0.0,0.265,0.735,"Europe faces a potato crisis. A long, hot summer has meant the chips are down, and the poor harvest could be the th… https://t.co/NRyHidsZTN",Sat Oct 06 11:39:10 +0000 2018
119,-120,-0.3612,0.172,0.323,0.505,Should Europe fear China's growing influence? https://t.co/qhEwGEQDM7,Sat Oct 06 11:24:25 +0000 2018
120,-121,-0.0258,0.097,0.101,0.802,The USMCA eases the uncertainty cast by Donald Trump over North American trade. But he should never have raised dou… https://t.co/5LDHi9Cpj9,Sat Oct 06 11:23:04 +0000 2018
121,-122,-0.3612,0.0,0.128,0.872,Gita Gopinath has argued that floating currencies provide less of a cushion than the IMF has traditionally thought https://t.co/S7UUvTevhD,Sat Oct 06 11:04:48 +0000 2018
122,-123,-0.6597,0.0,0.286,0.714,"Hoax papers are being used to expose the problems with academic publishing. ""Gender, Place &amp; Culture"", an academic… https://t.co/JFIXnIlVlf",Sat Oct 06 10:44:55 +0000 2018
123,-124,-0.0516,0.106,0.115,0.78,"Paul Biya is likely to be re-elected on October 7th, given the vote is sure to be rigged  https://t.co/jvKPFZQ2yx",Sat Oct 06 10:25:17 +0000 2018
124,-125,0.1786,0.096,0.0,0.904,"The existence of exomoons has not been denied, but the theory may have finally been confirmed https://t.co/7okAA91RJT",Sat Oct 06 10:05:33 +0000 2018
125,-126,0.5106,0.148,0.0,0.852,The three laureates for the Nobel prize for chemistry harnessed the power of evolution to make proteins more useful… https://t.co/3jDecrtaWZ,Sat Oct 06 09:45:49 +0000 2018
126,-127,-0.6249,0.0,0.157,0.843,"With America in the throes of an opioid crisis, “Beautiful Boy” is resonant. But often it is too aware of its appos… https://t.co/FttNLd1kx0",Sat Oct 06 09:28:26 +0000 2018
127,-128,-0.5267,0.0,0.159,0.841,The head of an inquiry into Australia’s banks said that some of the behaviour uncovered had been criminal https://t.co/1aqtXAhRsH,Sat Oct 06 09:08:59 +0000 2018
128,-129,-0.25,0.0,0.118,0.882,Latin America cannot cope with the Venezuelan exodus alone. The region needs more international aid https://t.co/87NsFMrdPm,Sat Oct 06 08:49:53 +0000 2018
129,-130,0.4588,0.164,0.085,0.751,"The failure to reclaim a part of Chile's coast is a blow to every Bolivian, but the mood in Chile is relief  https://t.co/1wt5iwmLaT",Sat Oct 06 08:30:36 +0000 2018
130,-131,0.0,0.0,0.0,1.0,"Is the gig economy really ""the reincarnation of an ancient evil"", as the Archbishop of Canterbury calls it? https://t.co/cedhbwTNg8",Sat Oct 06 08:10:55 +0000 2018
131,-132,0.296,0.109,0.0,0.891,The atmosphere in Italy is fraught. Yet surprisingly little is known about the intentions of government's fiscal po… https://t.co/HZCkWaA2O0,Sat Oct 06 07:51:36 +0000 2018
132,-133,0.3612,0.185,0.0,0.815,"RT @EconCulture: To Brătescu, a line was like a dance on the page https://t.co/cMRme4BFuc",Sat Oct 06 07:32:31 +0000 2018
133,-134,0.0,0.0,0.0,1.0,"Thyssenkrupp, a German conglomerate, bowed to shareholders and said it would split in two 
 https://t.co/Hw1pQbtpV1 https://t.co/EWmjZyA9Ly",Sat Oct 06 07:15:41 +0000 2018
134,-135,0.5719,0.171,0.0,0.829,"If Jair Bolsonaro wins Brazil's election, the survival of democracy in Latin America's largest country could be put… https://t.co/XBi7dk2akw",Sat Oct 06 07:02:31 +0000 2018
135,-136,0.3818,0.191,0.0,0.809,Wind power helps the shipping industry comply with new climate-change targets https://t.co/oPftOPGyHT,Sat Oct 06 07:00:03 +0000 2018
136,-137,-0.3612,0.0,0.2,0.8,John Flannery could not repair GE’s past mistakes quickly enough https://t.co/I2PMj8mEnV,Sat Oct 06 06:41:39 +0000 2018
137,-138,-0.1779,0.17,0.218,0.612,"Russia is close, immediate and scary in a city like Riga https://t.co/6gEGCGa9Im",Sat Oct 06 06:23:22 +0000 2018
138,-139,-0.2023,0.0,0.359,0.641,Chinese and American warships nearly collide https://t.co/a1oi0UNis8,Sat Oct 06 06:07:19 +0000 2018
139,-140,0.4588,0.333,0.0,0.667,Amazon’s $15 minimum wage is welcome https://t.co/G95kuLwkKH,Sat Oct 06 05:47:21 +0000 2018
140,-141,0.34,0.158,0.096,0.746,"No one expects India’s film industry, where hunky male stars with steroidal salaries still reign supreme, to elimin… https://t.co/KsLbgYg4Yf",Sat Oct 06 05:29:05 +0000 2018
141,-142,-0.4019,0.0,0.252,0.748,"With elections looming, the government has found new ways to silence critics https://t.co/aN3lwog2hc",Sat Oct 06 05:28:05 +0000 2018
142,-143,-0.25,0.177,0.339,0.484,Reducing cyber-bullying through legislation is tricky as laws risk restricting free speech https://t.co/Dy2BKEnFam,Sat Oct 06 05:23:39 +0000 2018
143,-144,-0.4019,0.0,0.13,0.87,Conservatives have long complained that Republican appointees tend to drift to the left. Data on judicial records s… https://t.co/s1IP0k2UUJ,Sat Oct 06 05:05:26 +0000 2018
144,-145,-0.6597,0.0,0.375,0.625,“A larger European conflict could start with an attack Sweden” https://t.co/bwFlZMRCcM,Sat Oct 06 04:45:53 +0000 2018
145,-146,-0.765,0.0,0.485,0.515,The dramatic drop in suicide among elderly Britons https://t.co/05VhD1HkpM,Sat Oct 06 04:27:09 +0000 2018
146,-147,0.2648,0.173,0.115,0.712,"Mistrust is especially high among supporters of the front-runner, Jair Bolsonaro, a ferociously right-wing populist https://t.co/wlyf6GOIOT",Sat Oct 06 04:09:07 +0000 2018
147,-148,-0.296,0.127,0.236,0.636,Repression in Saudi Arabia has reached a new level https://t.co/IVUz9pHUNz,Sat Oct 06 03:50:07 +0000 2018
148,-149,0.0,0.0,0.0,1.0,"Britain’s prime minister in 1819, Lord Liverpool, decried the expense of shipping the 200-tonne obelisk from Egypt https://t.co/Cvdm5cOwBW",Sat Oct 06 03:30:52 +0000 2018
149,-150,0.5267,0.207,0.0,0.793,The swing vote in Madison v Alabama will probably be Chief Justice John Roberts https://t.co/6cHYGQBi60,Sat Oct 06 03:12:15 +0000 2018
150,-151,0.7906,0.421,0.0,0.579,"The best films about comedians are challenging, raising the curtain on their performances https://t.co/Hn2903DCQy",Sat Oct 06 02:51:15 +0000 2018
151,-152,0.0,0.0,0.0,1.0,"Poking at Europe’s belly and finding it soft, China is testing how far it can push https://t.co/W3RBZR7rPK",Sat Oct 06 02:31:34 +0000 2018
152,-153,0.886,0.464,0.0,0.536,David Polonsky's beautiful artwork offers a charming and convincing view of Anne on the page  https://t.co/n9nYTxTOop,Sat Oct 06 02:13:14 +0000 2018
153,-154,-0.2732,0.0,0.095,0.905,"China is using its financial muscle to buy political influence in the EU, and the Europeans are nervous. Our cover… https://t.co/SsWAA5WYZ9",Sat Oct 06 02:00:00 +0000 2018
154,-155,-0.6369,0.0,0.224,0.776,In America bullies pick on “nerds”. In China and South Korea those with poor grades are at a higher risk https://t.co/lTjNb8W0um,Sat Oct 06 01:57:40 +0000 2018
155,-156,0.0,0.0,0.0,1.0,"Street gangs in the Cape Flats, a patchwork of townships, have become entrenched https://t.co/ZYrlMIQsvv",Sat Oct 06 01:38:46 +0000 2018
156,-157,0.34,0.146,0.0,0.854,Will concern for its own brands lead China to play fairer with other country's? https://t.co/knKW2ru9nq,Sat Oct 06 01:20:22 +0000 2018
157,-158,-0.1779,0.0,0.108,0.892,"Beji Caid Essebsi and Rachid Ghannouchi fell out last month, shaking up Tunisian politics https://t.co/amxR2m9OQJ",Sat Oct 06 01:01:58 +0000 2018
158,-159,-0.2023,0.0,0.101,0.899,"If Infrastructure Leasing and Financial Services were left to go bust, projects across India would stall https://t.co/397B5VTBYJ",Sat Oct 06 00:46:18 +0000 2018
159,-160,-0.3612,0.0,0.102,0.898,"The biggest obstacle to what has been dubbed an Arab NATO is the blockade of Qatar by Saudi Arabia, the UAE, Bahrai… https://t.co/NNph3UisYq",Sat Oct 06 00:28:45 +0000 2018
160,-161,-0.4767,0.0,0.171,0.829,.@aroberts_andrew does not gloss over the many examples of terrible judgment that littered Churchill's career  https://t.co/VQrcqZkITW,Sat Oct 06 00:11:28 +0000 2018
161,-162,-0.6369,0.0,0.215,0.785,"Europe needs to take a path that avoids the extremes of naivety and hostility towards China. So far, it has not https://t.co/6cUrpFNYBA",Fri Oct 05 23:53:45 +0000 2018
162,-163,0.6249,0.298,0.0,0.702,The artist had a remarkable facility to turn the mundane into carefully balanced compositions https://t.co/pnX2WaJfSO,Fri Oct 05 23:38:10 +0000 2018
163,-164,0.0,0.0,0.0,1.0,Is it time to automate politicians? https://t.co/v6N07tHf5B,Fri Oct 05 23:21:26 +0000 2018
164,-165,0.0258,0.091,0.0,0.909,Will Vernon Madison's dementia prevent him from being executed in Alabama?  https://t.co/rQVaKs0Dfb,Fri Oct 05 23:05:03 +0000 2018
165,-166,0.0,0.0,0.0,1.0,"Wrongdoing was widespread across Australia’s banks, an inquiry has found https://t.co/fIW7EuoTsp",Fri Oct 05 22:46:07 +0000 2018
166,-167,-0.2057,0.0,0.092,0.908,"Many jobs in the gig economy, such as taxi-driving, are not lucrative. But such jobs never paid well https://t.co/hlk9UGivEQ",Fri Oct 05 22:41:04 +0000 2018
167,-168,-0.5082,0.088,0.169,0.744,"In Japan more pupils commit suicide on September 1st, just before the start of the new term, than on any other day https://t.co/2gK9zqBG0g",Fri Oct 05 22:14:04 +0000 2018
168,-169,-0.926,0.0,0.41,0.59,"American police kill around 1,000 people every year; those in poor countries are even deadlier. Why do cops kill, a… https://t.co/zImdjJ8Bry",Fri Oct 05 22:02:09 +0000 2018
169,-170,0.5574,0.205,0.0,0.795,"The Supreme Court was intended to be apolitical. In practice, appointments are highly partisan https://t.co/Tta3JPplnp",Fri Oct 05 21:59:02 +0000 2018
170,-171,-0.296,0.0,0.095,0.905,"Critics of the fry-panic have also found it in the back catalogues of George W. Bush, Kurt Cobain and Ira Glass https://t.co/Pee1nrUdEC",Fri Oct 05 21:59:02 +0000 2018
171,-172,0.3818,0.237,0.106,0.657,The percentage of Brazilians who see elections as honest has reached a record low of 14% https://t.co/vIzAyS7LQT,Fri Oct 05 21:56:03 +0000 2018
172,-173,0.0,0.0,0.0,1.0,Hakeem Jeffries is as moderate as a safe-seat Democrat gets https://t.co/vCcOkePU8I,Fri Oct 05 21:52:04 +0000 2018
173,-174,-0.0258,0.129,0.135,0.736,"To avoid being penalised gerrymandering, Democrats are putting considerable energy into state elections  https://t.co/aPTW5S852q",Fri Oct 05 20:47:02 +0000 2018
174,-175,0.6486,0.284,0.07,0.647,Jeff Bezos' apparent benevolence may be motivated by self-interest. Increasing pay could forestall workers unionisi… https://t.co/F9OUeBdl39,Fri Oct 05 20:44:03 +0000 2018
175,-176,-0.6486,0.0,0.238,0.762,The hostile way the Senate Judiciary Committee treated Anita Hill in 1991 could cause trouble for Joe Biden https://t.co/xdqnaOvIAn,Fri Oct 05 20:41:03 +0000 2018
176,-177,0.0,0.0,0.0,1.0,"Wisconsin's Governor Scott Walker is a self-described ""underdog"" in this year's race https://t.co/Ycx3R7uLD5",Fri Oct 05 20:24:04 +0000 2018
177,-178,-0.4391,0.0,0.132,0.868,"In an open letter, 20 police commissioners have called the spice epidemic ""one of the most severe public-health iss… https://t.co/0BnJyvEYra",Fri Oct 05 20:18:03 +0000 2018
178,-179,0.0,0.0,0.0,1.0,The bald eagle was driven almost to extinction in the 1960s. Its population is now soaring again https://t.co/4pnXl1OEIr,Fri Oct 05 20:13:06 +0000 2018
179,-180,-0.6249,0.0,0.163,0.837,The infection of thousands of patients with HIV and hepatitis in the 1970s and 80s has been branded the worst scand… https://t.co/z3el3lKghQ,Fri Oct 05 20:09:05 +0000 2018
180,-181,0.0,0.0,0.0,1.0,"Americans were a nation of sheep, Alan Abel sometimes sighed https://t.co/3k2xv0ziBe",Fri Oct 05 20:02:02 +0000 2018
181,-182,0.1027,0.085,0.0,0.915,Our editors consider speculative scenarios and provocative prophecies in our future-gazing podcast “The world ahead… https://t.co/nL8o8hXfAL,Fri Oct 05 19:59:05 +0000 2018
182,-183,-0.7964,0.128,0.429,0.443,"In St Louis, detectives clear a dismal 52% of their murder cases https://t.co/mhVC9ZMH3x",Fri Oct 05 19:59:04 +0000 2018
183,-184,-0.1027,0.0,0.113,0.887,Some people will pay a premium for products that salve their conscience https://t.co/GJwGGaaL4d,Fri Oct 05 19:59:04 +0000 2018
184,-185,0.0772,0.106,0.0,0.894,Gita Gopinath will challenge orthodox thinking at that International Monetary Fund  https://t.co/DUdYqWIKs6,Fri Oct 05 19:50:04 +0000 2018
185,-186,-0.1531,0.119,0.143,0.738,The rejection of Theresa May's Brexit deal at home and in Europe debases the Tories' reputation for good government  https://t.co/433VqAbrBZ,Fri Oct 05 19:28:03 +0000 2018
186,-187,-0.296,0.068,0.12,0.812,"When countries see that proper handling of solid waste can aid prosperity, the global tide of rubbish may be stemmed https://t.co/KzNcEmfoid",Fri Oct 05 19:27:07 +0000 2018
187,-188,0.1531,0.12,0.093,0.787,"When Brexit day comes, Britain's hunger for change will not be sated—indeed, it will be stronger than ever https://t.co/diA6gxElQK",Fri Oct 05 19:19:04 +0000 2018
188,-189,-0.5994,0.0,0.262,0.738,Justices consider whether a man with dementia may be put to death https://t.co/22iUGWkrMT,Fri Oct 05 19:15:06 +0000 2018
189,-190,-0.1779,0.145,0.24,0.615,The budget plans make no attempt to correct Italy's dismally low productivity growth https://t.co/MiURuylGz9,Fri Oct 05 19:03:05 +0000 2018
190,-191,0.0,0.0,0.0,1.0,Around 1.5m tonnes of plastic flows down the Yangzi river in China each year https://t.co/ltdemZQ6Yk,Fri Oct 05 19:03:05 +0000 2018
191,-192,0.5719,0.179,0.0,0.821,"Games Workshop owes some of it success to ""Game of Thrones"" for sexing up the fantasy genre https://t.co/LQB8iVL2oF",Fri Oct 05 19:02:06 +0000 2018
192,-193,-0.5106,0.126,0.242,0.632,RT @stevenmazie: A fraught discourse on rationality and the death penalty at the Supreme Court. My thoughts on Madison v. Alabama https://t…,Fri Oct 05 18:47:49 +0000 2018
193,-194,0.0,0.0,0.0,1.0,Facebook is in the cross-hairs of European regulators as never before https://t.co/oHCpBOQv8H https://t.co/JOJvDZwApb,Fri Oct 05 18:46:04 +0000 2018
194,-195,-0.1027,0.095,0.148,0.758,"With Labour and Tory rebels ready to vote against any deal that Theresa May brings back, the risk of it not getting… https://t.co/xMSXSZj3A2",Fri Oct 05 18:45:10 +0000 2018
195,-196,-0.5574,0.0,0.159,0.841,"China's ban on imported scrap has put a spanner in the works for the West's “collect, sort and export” system  https://t.co/psarCZrPTz",Fri Oct 05 18:44:05 +0000 2018
196,-197,-0.5267,0.0,0.236,0.764,Why Roald Dahl’s book about a young neglected bookworm became his best-loved https://t.co/2W88Mg4zZj,Fri Oct 05 18:30:09 +0000 2018
197,-198,0.1027,0.065,0.0,0.935,A lot of American teenagers drink before they are legally allowed to. They do not mislead the Senate about it three… https://t.co/Kr7ofrFfhp,Fri Oct 05 18:16:01 +0000 2018
198,-199,-0.25,0.0,0.1,0.9,"Since #MeToo went viral, nine members of Congress have resigned or declined to re-run after facing credible charges… https://t.co/8Io9VyEWuR",Fri Oct 05 18:09:04 +0000 2018
199,-200,-0.0772,0.193,0.215,0.593,Brazil’s voters worry about the integrity of their elections https://t.co/c4VjcPItdy,Fri Oct 05 18:07:46 +0000 2018
200,-201,-0.2732,0.0,0.1,0.9,On October 2nd a Saudi journalist and government critic went to the Saudi consulate in Istanbul to file some paperw… https://t.co/2Z2XWTr1dO,Thu Oct 04 21:27:01 +0000 2018
201,-202,0.0516,0.098,0.0,0.902,An apology to Anita Hill should be a priority for Joe Biden https://t.co/eo3xol5zar,Thu Oct 04 21:20:09 +0000 2018
202,-203,0.8225,0.444,0.0,0.556,"On October 3rd Peru's supreme court revoked a pardon granted to Mr Fujimori, a former strongman president https://t.co/73yutxgcTS",Thu Oct 04 21:19:05 +0000 2018
203,-204,-0.3182,0.0,0.113,0.887,Toronto is Canada’s human-trafficking hub. Now one of its victims has joined forces with the country’s biggest fina… https://t.co/bjEZNMDG5T,Thu Oct 04 21:18:12 +0000 2018
204,-205,-0.3489,0.119,0.195,0.686,Brett Kavanaugh's conservative judicial philosophy is not a problem. His visible loathing of Democrats is https://t.co/Kwn0PombBm,Thu Oct 04 21:15:03 +0000 2018
205,-206,0.8591,0.388,0.0,0.612,This year’s Nobel prize in chemistry was shared between three laureates. But the real winner is evolution https://t.co/ILU2KQhPMG,Thu Oct 04 21:09:05 +0000 2018
206,-207,-0.4404,0.0,0.244,0.756,"Around 5,000 people continue to abandon Venezuela every day https://t.co/RydQ725Olw",Thu Oct 04 21:06:06 +0000 2018
207,-208,0.3612,0.172,0.0,0.828,"RT @EconCulture: The word ""vicious"" beats like a metronome through this wondrous book https://t.co/KPK1peuGGS",Thu Oct 04 21:00:07 +0000 2018
208,-209,-0.6908,0.0,0.19,0.81,"Cape Town's murder rate has risen 60% from 43 to 69 deaths per 100,000 people in the past eight years https://t.co/0eyNlCYLqE",Thu Oct 04 20:51:02 +0000 2018
209,-210,0.2023,0.142,0.106,0.752,A new agreement does not eliminate all the uncertainties that Donald Trump has brought to the region’s trade relati… https://t.co/DdWPxb0V2V,Thu Oct 04 20:48:03 +0000 2018
210,-211,-0.4019,0.0,0.403,0.597,Joe Biden’s #MeToo problem https://t.co/UPs40vPQBm,Thu Oct 04 20:38:34 +0000 2018
211,-212,0.6124,0.321,0.123,0.556,"RT @EconCulture: Comedy could mask sad truths for Gilda Radner, truths at which “Love, Gilda” only hints https://t.co/KJ3I5aai6P",Thu Oct 04 20:30:11 +0000 2018
212,-213,0.0,0.0,0.0,1.0,"LIBOR’s time is up, but what will replace it? We hear from @Pat_Lane, our banking editor on the latest “Money talks… https://t.co/wt0dphbS5x",Thu Oct 04 20:23:04 +0000 2018
213,-214,-0.7783,0.0,0.286,0.714,"The ocean is dark and full of terrors, and the black dragonfish is the darkest of them all https://t.co/VZPJ1Bczcz",Thu Oct 04 20:11:06 +0000 2018
214,-215,0.5574,0.184,0.0,0.816,"This term, the Supreme Court will rule on the fate of the endangered dusky gopher frog https://t.co/BxqkFCJdJi",Thu Oct 04 20:02:08 +0000 2018
215,-216,0.0,0.0,0.0,1.0,Hakeem Jeffries believes it is time for a black Speaker. That would be both principled and tactically astute https://t.co/UQCO5pR7oI,Thu Oct 04 19:52:05 +0000 2018
216,-217,0.7579,0.302,0.0,0.698,Try The Economist today for 12 weeks with our introductory offer and enjoy a free Economist notebook… https://t.co/RSgUAQAeCZ,Thu Oct 04 19:47:03 +0000 2018
217,-218,0.4215,0.252,0.173,0.575,Pranksters are using humour and creativity to expose the faulty checks and balances of academic publishing… https://t.co/z1MYxERaws,Thu Oct 04 19:41:05 +0000 2018
218,-219,-0.4939,0.0,0.158,0.842,A study looked at the genetic material of the virus left in people infected with HIV and Hepatitis C  https://t.co/0sVLFHV7Tq,Thu Oct 04 19:35:01 +0000 2018
219,-220,0.0,0.0,0.0,1.0,RT @ikahloon: This week @gelliottmorris and I look at the other midterms—state legislative elections and governors' races—and try our hand…,Thu Oct 04 19:18:31 +0000 2018
220,-221,0.6369,0.167,0.0,0.833,His notion of the “invisible hand” is often taken to mean that the market always produces the best outcome. The rea… https://t.co/Gz5AVOrbix,Thu Oct 04 19:15:47 +0000 2018
221,-222,0.0,0.0,0.0,1.0,Only big moons are detectable with today's instruments. Kepler-1625b's proposed moon seems to be a real whopper https://t.co/V9U1Iqblhy,Thu Oct 04 18:55:04 +0000 2018
222,-223,0.4767,0.182,0.07,0.749,"America’s justice department has unveiled indictments against seven Russians, including three GRU agents exposed by… https://t.co/sDxhZcsim7",Thu Oct 04 18:45:36 +0000 2018
223,-224,0.8074,0.39,0.0,0.61,The Nobel prize for physics was awarded to a trio of researchers for improvements to lasers https://t.co/bNTlKzlzIe,Thu Oct 04 18:28:59 +0000 2018
224,-225,0.4019,0.119,0.0,0.881,It seems that modern humans and Neanderthals both benefited by swapping bits of DNA that had evolved to help fight… https://t.co/jZ7fA8VmBz,Thu Oct 04 18:13:04 +0000 2018
225,-226,0.2023,0.087,0.0,0.913,RT @mariawilczek: Go Gita--my piece in this week's Print edition of @TheEconomist explaining why the @IMFNews's new top economist @GitaGopi…,Thu Oct 04 18:06:22 +0000 2018
226,-227,-0.4215,0.0,0.167,0.833,A survey suggests equal-opportunity statements prompted worries from prospective applicants that they would be toke… https://t.co/NULZhGxJrH,Thu Oct 04 18:04:06 +0000 2018
227,-228,0.4215,0.259,0.0,0.741,Is virtual reality the future of in-flight entertainment? https://t.co/6n5zRPqGGh,Thu Oct 04 17:50:40 +0000 2018
228,-229,0.0,0.0,0.0,1.0,The West indicts the GRU https://t.co/fBcThIbMxZ,Thu Oct 04 17:50:39 +0000 2018
229,-230,-0.0516,0.139,0.147,0.714,"The USMCA, Donald Trump's replacement for NAFTA, is a step backwards for free trade, and it will harm America https://t.co/I4SRizoLwC",Thu Oct 04 17:43:06 +0000 2018
230,-231,-0.6908,0.0,0.227,0.773,"Cape Town’s murder rate has risen from 43 to 69 per 100,000 between 2009/10 and 2017/18 https://t.co/AfRoRVkA8Z",Thu Oct 04 17:38:02 +0000 2018
231,-232,0.5574,0.184,0.0,0.816,"If Brett Kavanaugh is confirmed, the Supreme Court's claim to be above politics will be untenable https://t.co/2CVkueQkqv",Thu Oct 04 17:32:01 +0000 2018
232,-233,0.0,0.0,0.0,1.0,"RT @tcross81: Exoplanets presumably have exomoons. We may have spotted our first one. By me this week:

https://t.co/Jzin44Os0X",Thu Oct 04 17:18:11 +0000 2018
233,-234,-0.8126,0.0,0.552,0.448,Violent crime is soaring in Cape Town https://t.co/53GWa2u2s0,Thu Oct 04 17:17:16 +0000 2018
234,-235,0.4404,0.266,0.0,0.734,Geta Brătescu was a prolific and playful conceptual artist https://t.co/9NbSdcb75Q,Thu Oct 04 17:17:16 +0000 2018
235,-236,0.8402,0.383,0.081,0.537,"RT @BillGates: Innovation can happen anywhere. In @TheEconomist, I argue that the best way to guarantee that everyone benefits from the nex…",Thu Oct 04 17:17:13 +0000 2018
236,-237,0.0,0.0,0.0,1.0,"Competition authorities are unlikely to approve a bid for Casino from rival supermarket Carrefour, whether real or… https://t.co/qX33DMlCdP",Thu Oct 04 17:11:05 +0000 2018
237,-238,-0.1546,0.078,0.104,0.819,RT @r_shanbhogue: Why economists' over-reliance on the top 5 journals isn't good for the profession -- my writeup of research by @heckmaneq…,Thu Oct 04 17:07:03 +0000 2018
238,-239,0.6124,0.2,0.0,0.8,"Governments should keep a watchful eye on the gig economy by all means, but also welcome it https://t.co/RQ9WAiqg41",Thu Oct 04 17:06:46 +0000 2018
239,-240,-0.25,0.18,0.22,0.6,"To stop global warming, the world needs better collaboration over a shared-energy future. Failure to do so will spa… https://t.co/LF6wWRW0TR",Thu Oct 04 16:50:46 +0000 2018
240,-241,-0.4215,0.0,0.203,0.797,"How your recycled waste could be turned into smoother, longer-lasting roads https://t.co/t8yHROYbv9",Thu Oct 04 16:47:02 +0000 2018
241,-242,0.0,0.0,0.0,1.0,"More than 90% of the world's data appeared in the past two years. From privacy to politics, Facebook to facial reco… https://t.co/WXbB8zzOEd",Thu Oct 04 16:33:41 +0000 2018
242,-243,-0.5994,0.0,0.196,0.804,RT @JamesMAstill: Kavanaugh is the poster-child for Trump's new war against #MeToo - my column: https://t.co/LOgcix6GnJ via @TheEconomist,Thu Oct 04 16:31:10 +0000 2018
243,-244,0.7506,0.314,0.0,0.686,Hear about the science behind this year's Nobel prize winners on this week's “Babbage” podcast… https://t.co/wNmv53NTIR,Thu Oct 04 16:28:05 +0000 2018
244,-245,0.0,0.0,0.0,1.0,The GRU has been involved in almost all of Russia's latest crises. Who are these hyperactive military spooks? https://t.co/ia4KYxNVAE,Thu Oct 04 16:16:05 +0000 2018
245,-246,0.0,0.0,0.0,1.0,People are part-Neanderthal. That may be a protection against viruses https://t.co/gzHw7ZGjUu,Thu Oct 04 16:09:25 +0000 2018
246,-247,0.0,0.0,0.0,1.0,"RT @michaelreid52: My article on Catalonia and Spain, a year after the unconstitutional referendum.
 https://t.co/5vs9IKVeP7 via @TheEconom…",Thu Oct 04 16:01:54 +0000 2018
247,-248,0.0,0.0,0.0,1.0,"RT @DSORennie: It was hypocrisy when America used to ""welcome"" China's rise. But ditching hypocrisy for Trump-style candour carries risks.…",Thu Oct 04 16:01:18 +0000 2018
248,-249,-0.1779,0.109,0.161,0.73,Some whisper that Saudi Arabia’s Prince Muhammad has launched an inquisition https://t.co/sBI8Kzo7qK,Thu Oct 04 15:55:30 +0000 2018
249,-250,0.0,0.0,0.0,1.0,Too few Italians are in work. Italy's new budget is unlikely to change that https://t.co/qRWTtk7H6M,Thu Oct 04 15:38:19 +0000 2018
250,-251,0.0,0.0,0.0,1.0,"What can history teach today’s spies and counter-spies? Christopher Andrew, the official historian of MI5, speaks t… https://t.co/c4crvlsak9",Thu Oct 04 15:22:07 +0000 2018
251,-252,0.0,0.0,0.0,1.0,This week’s cartoon from KAL https://t.co/YwV2xmuEUt,Thu Oct 04 15:15:23 +0000 2018
252,-253,0.0,0.0,0.0,1.0,"Brett Kavanaugh's testimony was evasive and disingenuous. Irrespective of what the FBI investigation reveals, Repub… https://t.co/B4Ai4cVFxD",Thu Oct 04 15:14:39 +0000 2018
253,-254,0.0,0.0,0.0,1.0,Brett Kavanaugh’s partisanship https://t.co/I77y0pgg9y,Thu Oct 04 15:12:13 +0000 2018
254,-255,0.6369,0.189,0.0,0.811,Data gathered by the genomic testing service could show what treatment will work best with which genetic profile https://t.co/6LokAqQcUj,Thu Oct 04 14:55:39 +0000 2018
255,-256,0.0,0.0,0.0,1.0,"Jamal Khashoggi has not returned from a visit to the Saudi consulate in Istanbul on October 2nd. In July, the journ… https://t.co/uBnT3b8gwt",Thu Oct 04 14:40:07 +0000 2018
256,-257,0.4215,0.141,0.0,0.859,America's employers have been adding “equal opportunity statements” onto job adverts for 50 years. A recent paper s… https://t.co/ankwwggtLC,Thu Oct 04 14:21:41 +0000 2018
257,-258,0.4215,0.177,0.0,0.823,"Global co-operation is required for the world to progress, writes @BillGates #OpenFuture https://t.co/VlGrgL0j8y https://t.co/tTTUi2ma0f",Thu Oct 04 14:04:09 +0000 2018
258,-259,-0.1082,0.136,0.155,0.709,Harassment of public figures seems to be more common. Thankfully most of the theats are just that https://t.co/rIKeiyDiE0,Thu Oct 04 13:44:32 +0000 2018
259,-260,0.4927,0.186,0.0,0.814,Mitchell Rales has quietly become one of America's most energetic collectors of modern art https://t.co/j2Kf9bUCsC,Thu Oct 04 13:26:30 +0000 2018
260,-261,-0.5106,0.0,0.155,0.845,"Even if Primera's many blunders were the result of incompetence rather than malice, some of the company's practices… https://t.co/slFG1Pg4rC",Thu Oct 04 13:06:54 +0000 2018
261,-262,0.5859,0.211,0.0,0.789,Kate Atkinson said that writing the novel felt like the “wrenching apart of history followed by an imaginative reco… https://t.co/BVbbniB9E4,Thu Oct 04 12:49:02 +0000 2018
262,-263,0.0,0.0,0.0,1.0,"In a different Brazil, politics would seek to reconcile the claims of bondholders, pensioners, workers and the rest… https://t.co/yCQ7ofrpwj",Thu Oct 04 12:31:22 +0000 2018
263,-264,0.0,0.0,0.0,1.0,"Just ten countries, eight of them Asian, spew two-thirds of all marine plastic litter originating on land https://t.co/7PopFURtjE",Thu Oct 04 12:14:20 +0000 2018
264,-265,-0.2732,0.0,0.095,0.905,"China is using its financial muscle to buy political influence in the EU, and the Europeans are nervous. Our cover… https://t.co/3NVIyvoJJL",Thu Oct 04 11:57:42 +0000 2018
265,-266,0.1027,0.128,0.112,0.76,"In 1972, the EPA took steps that helped save the bald eagle from extinction. There are worries that under President… https://t.co/Vq3dZ9AL7o",Thu Oct 04 11:56:20 +0000 2018
266,-267,-0.6124,0.0,0.217,0.783,America's trade deficit with South Korea has bothered Donald Trump. But the revised KORUS deal may have little impa… https://t.co/WHuMuQch1Z,Thu Oct 04 11:38:34 +0000 2018
267,-268,-0.046,0.102,0.11,0.788,The emerging markets most at risk account for a larger share of global GDP than in the past https://t.co/mcKEhcApYz https://t.co/bn1mCAb3ix,Thu Oct 04 11:22:35 +0000 2018
268,-269,0.875,0.44,0.0,0.56,"What makes chief executives’ habits fashionable is usually strong profit growth and share performance, which can be… https://t.co/T7zXfXjGMG",Thu Oct 04 11:06:41 +0000 2018
269,-270,0.0,0.0,0.0,1.0,"If a deal for Barrick Gold to buy Randgold goes through, it would be the world's biggest gold-mining company https://t.co/5QsMjFq9q0",Thu Oct 04 10:50:41 +0000 2018
270,-271,-0.1027,0.129,0.149,0.722,The inquiry into the Renewable Heat Incentive scandal has raised questions around Arlene Foster's future https://t.co/0O91DOV8qD,Thu Oct 04 10:32:12 +0000 2018
271,-272,0.3612,0.135,0.0,0.865,Esi Edugyan makes Wash a gifted storyteller; his keen observations bear the hallmarks of his artistic sensibility https://t.co/noBe3vU8Z8,Thu Oct 04 10:12:53 +0000 2018
272,-273,0.6124,0.301,0.156,0.543,Both the rich and poor world are under strain as the volume of rubbish has increased with economic growth https://t.co/ZFYBrodgNG,Thu Oct 04 09:53:46 +0000 2018
273,-274,0.5106,0.171,0.0,0.829,"As with the protagonist's piano-tuning, practising a craft to this degree of refinement is an impressive feat https://t.co/slKgJgjGVU",Thu Oct 04 09:35:18 +0000 2018
274,-275,-0.7783,0.077,0.338,0.586,"When it comes to the growing threat from Russia, Sweden is preparing for the worst  https://t.co/1OTQK7jGHl",Thu Oct 04 09:16:23 +0000 2018
275,-276,0.6951,0.347,0.171,0.482,"Matilda‘s refusal to be squashed by ignorant, lazy adults is what makes the novel so thrillingly enjoyable https://t.co/Kwwve4vKfS",Thu Oct 04 09:00:51 +0000 2018
276,-277,0.2648,0.094,0.0,0.906,"The average adult migrant from the European Economic Area yielded £2,370 more for the Treasury in 2017 than the ave… https://t.co/7GYomRjE9H",Thu Oct 04 08:42:35 +0000 2018
277,-278,-0.3818,0.0,0.178,0.822,Kremlin-backed candidates are losing elections following a proposed hike in Russia's retirement age https://t.co/VNyqZEPkYR,Thu Oct 04 08:24:11 +0000 2018
278,-279,0.128,0.124,0.098,0.777,"Security expert @schneierblog discusses hacking, human vulnerability and why any system that can be subverted proba… https://t.co/irSm5k0a64",Thu Oct 04 08:07:59 +0000 2018
279,-280,0.0,0.0,0.0,1.0,The developed world needs to relearn how to recycle  https://t.co/G4xq09KaCi,Thu Oct 04 07:51:28 +0000 2018
280,-281,0.0,0.0,0.0,1.0,Dr Frances Arnold's use of the process of “directed evolution” can tailor enzymes to make drugs and biofuels https://t.co/he9jDgQaDF,Thu Oct 04 07:35:12 +0000 2018
281,-282,0.5571,0.213,0.0,0.787,“Joy as an Act of Resistance” suggests that challenging prevailing attitudes does not always mean anger and broken… https://t.co/oO12KFuxkt,Thu Oct 04 07:18:56 +0000 2018
282,-283,0.7414,0.476,0.0,0.524,The most tangible creation of BRICS is making surprising progress https://t.co/Mg7iCbYsJA,Thu Oct 04 07:02:32 +0000 2018
283,-284,0.1263,0.209,0.14,0.651,Women are banned from certain jobs in 104 countries. These are some of the most surprising https://t.co/2hRCinL6na,Thu Oct 04 07:01:26 +0000 2018
284,-285,0.0,0.0,0.0,1.0,"Arabic is considered the second-most-spoken language in France, yet the teaching of the language in schools is rega… https://t.co/iCi3wlYE9f",Thu Oct 04 06:45:34 +0000 2018
285,-286,0.2846,0.125,0.0,0.875,"Citizens chafe against the free movement of goods and capital, but most of all people https://t.co/P8uiZUBnv7",Thu Oct 04 06:29:05 +0000 2018
286,-287,-0.2732,0.0,0.154,0.846,#MeToo activists have been invoking the philosophy in their efforts to expose professors who demand sex from studen… https://t.co/aeSL2hfBB2,Thu Oct 04 06:12:07 +0000 2018
287,-288,0.1761,0.281,0.223,0.496,The annoying habits of highly effective people https://t.co/Dtmz4OlUti,Thu Oct 04 06:04:18 +0000 2018
288,-289,0.0,0.0,0.0,1.0,Some were operated on just for being “difficult” https://t.co/bQ5iflc8qU,Thu Oct 04 05:49:16 +0000 2018
289,-290,0.0772,0.24,0.227,0.533,"Many comedians use laughter to overcome or acknowledge their suffering, transmogrifying personal darkness into light https://t.co/VYwkxntnXp",Thu Oct 04 05:33:58 +0000 2018
290,-291,-0.5574,0.0,0.231,0.769,E-cigarette vapour can contain high levels of nasty chemicals such as formaldehyde https://t.co/nWM2NTiSYR,Thu Oct 04 05:17:30 +0000 2018
291,-292,-0.2732,0.0,0.095,0.905,The Raleses' acquisition policy is rigorous. Each artist they buy has to have been exhibiting for at least 15 years https://t.co/7WhIs0cV4W,Thu Oct 04 05:01:22 +0000 2018
292,-293,-0.5574,0.0,0.167,0.833,"In 1990, 12.5m children around the world died before their fifth birthdays. Last year, the figure was 5.4m https://t.co/Ovb770ROsT",Thu Oct 04 04:43:39 +0000 2018
293,-294,-0.8555,0.0,0.276,0.724,"Suicide is the leading cause of death for all Indians between ages 15 and 39, and for Indian women between 15 and 49 https://t.co/lqQs1hKzhM",Thu Oct 04 04:28:02 +0000 2018
294,-295,-0.296,0.116,0.214,0.67,Many countries are questioning the benefits of globalisation. The nastiest rows occur when immigration enters the e… https://t.co/UXApBfjPud,Thu Oct 04 04:10:56 +0000 2018
295,-296,0.2023,0.141,0.0,0.859,Two ride-hailing firms based in South-East Asia are competing for dominance https://t.co/vyC2GAKgl7,Thu Oct 04 03:55:50 +0000 2018
296,-297,-0.6808,0.0,0.359,0.641,Primera Air's collapse serves as a warning for other low-cost long-haul hopefuls https://t.co/FXWqtg4pqf,Thu Oct 04 03:36:00 +0000 2018
297,-298,0.4588,0.333,0.0,0.667,William Boyd's prose is characteristically faultless https://t.co/2E4wYQM9He,Thu Oct 04 03:18:46 +0000 2018
298,-299,0.8402,0.337,0.101,0.562,"RT @EconCulture: This sweeping tale of love and revenge, fate and free will, surrender and control will delight its author's many fans http…",Thu Oct 04 02:59:13 +0000 2018
299,-300,0.5719,0.163,0.0,0.837,"Kai-Fu Lee thinks China has the edge in the four determinants of AI success: brains, capital, regulation and data https://t.co/4EzRbozfgq",Thu Oct 04 02:41:54 +0000 2018
300,-301,0.4019,0.252,0.0,0.748,The Tory Party is split down the middle https://t.co/4WOtQ6sRm9,Mon Oct 01 18:57:36 +0000 2018
301,-302,0.4767,0.154,0.0,0.846,The Birmingham Conservative Conference is a reminder of one of the liveliest debates about the 2017 election debacle https://t.co/1ZfUurQ2vy,Mon Oct 01 18:39:05 +0000 2018
302,-303,0.0,0.0,0.0,1.0,What Birmingham means to today’s Conservatives https://t.co/v44zjCsJ0V,Mon Oct 01 18:32:14 +0000 2018
303,-304,0.34,0.107,0.0,0.893,It is just under six months until the scheduled date for Brexit. How do gamblers view the state of play? https://t.co/Kp8YJNlR2G,Mon Oct 01 18:17:06 +0000 2018
304,-305,-0.0516,0.141,0.155,0.704,Gamblers give a 40% chance that Brexit’s deadline arrives with no deal https://t.co/GQHzNYfqUz,Mon Oct 01 18:15:49 +0000 2018
305,-306,-0.1027,0.152,0.177,0.671,The scandal surrounding Northern Ireland's Renewable Heat Incentive has tarnished the DUP  https://t.co/kCJEcLCPhu,Mon Oct 01 17:57:45 +0000 2018
306,-307,0.0,0.0,0.0,1.0,How does influenza evolve? https://t.co/XJIiu8lDQ7,Mon Oct 01 17:41:31 +0000 2018
307,-308,0.128,0.086,0.0,0.914,"President Xi Jinping has launched a campaign to “sinicise” religion, ie, to eliminate foreign influence and instil… https://t.co/lpEyP0DyOu",Mon Oct 01 17:26:04 +0000 2018
308,-309,0.5423,0.212,0.0,0.788,James Allison and Tasuku Honjo received the award for their research into immunotherapy https://t.co/EG4OlkZDw9,Mon Oct 01 17:19:03 +0000 2018
309,-310,0.6124,0.417,0.0,0.583,Can Martín Vizcarra restore Peruvians' faith in democracy?  https://t.co/DGM5wn9VGw,Mon Oct 01 17:07:47 +0000 2018
310,-311,-0.9001,0.0,0.611,0.389,Gun violence has killed 6.5m people worldwide since 1990 https://t.co/iSH4F2WB3y,Mon Oct 01 17:05:01 +0000 2018
311,-312,-0.4215,0.0,0.237,0.763,A referendum on Macedonia’s new name fails to settle anything https://t.co/Uktu5progc,Mon Oct 01 16:50:52 +0000 2018
312,-313,0.0,0.0,0.0,1.0,Passport-flogging has been a lifeline for hurricane-hit Caribbean states https://t.co/3YyuUVyKh0,Mon Oct 01 16:46:43 +0000 2018
313,-314,-0.2732,0.0,0.344,0.656,A spectre is haunting China https://t.co/A8Sv8O456j,Mon Oct 01 16:29:05 +0000 2018
314,-315,0.0,0.0,0.0,1.0,"Between 1986 and 2005 China’s national cremation rate rose steadily, from 26% of corpses to 53% https://t.co/w4w7vBlmYK",Mon Oct 01 16:19:02 +0000 2018
315,-316,0.0,0.0,0.0,1.0,The independence movement is dormant in Quebec's election https://t.co/8hhJGajxlW,Mon Oct 01 16:17:06 +0000 2018
316,-317,0.1531,0.28,0.206,0.514,The Nobel prize for medicine is awarded for a new type of cancer treatment https://t.co/8p6qFeiS2I,Mon Oct 01 16:03:32 +0000 2018
317,-318,0.0387,0.052,0.0,0.948,"The number of UAE firms being used as vehicles to dodge tax is impossible to determine, but may be ""many thousands""… https://t.co/zTuQD9tOFw",Mon Oct 01 15:46:41 +0000 2018
318,-319,-0.4019,0.102,0.196,0.702,The good news is the appetite for change; the bad news is that men's predation of women risks becoming one more bat… https://t.co/Id6OBnBpDM,Mon Oct 01 15:27:27 +0000 2018
319,-320,0.0,0.0,0.0,1.0,A vigorous economic recovery still looks impossible in Argentina https://t.co/BW8bk2JkYB,Mon Oct 01 15:07:49 +0000 2018
320,-321,0.0,0.0,0.0,1.0,"Sebastián Piñera unveiled his first big reform proposal in August, but it has had mixed reviews https://t.co/pMlea6XWHN",Mon Oct 01 14:49:08 +0000 2018
321,-322,-0.5719,0.0,0.222,0.778,Brent crude costs nearly three times as much now as in early 2016 https://t.co/xYZWIze8Xb,Mon Oct 01 14:29:15 +0000 2018
322,-323,0.6369,0.257,0.0,0.743,The BRICS' bank has approved a higher total value of loans than the Asian Infrastructure Investment Bank https://t.co/Cg3AdqdgWz,Mon Oct 01 14:09:50 +0000 2018
323,-324,-0.228,0.0,0.16,0.84,Dictators face less pressure to be abstemious in the air https://t.co/ccnpNe3gXB,Mon Oct 01 13:50:03 +0000 2018
324,-325,-0.2732,0.0,0.095,0.905,The Raleses' acquisition policy is rigorous. Each artist they buy has to have been exhibiting for at least 15 years https://t.co/nR75U17OSP,Mon Oct 01 13:30:57 +0000 2018
325,-326,0.0,0.0,0.0,1.0,"Robert Lighthizer, America's chief trade negotiator, wants to scrap a judicial-review system for duties https://t.co/euDdlStqbx",Mon Oct 01 13:11:46 +0000 2018
326,-327,0.0,0.0,0.0,1.0,"As more countries jump on to the citizenship-by-investment bandwagon, competition will intensify https://t.co/HBUlgZkpaJ",Mon Oct 01 12:55:28 +0000 2018
327,-328,0.765,0.409,0.0,0.591,The political parties championing independence are well behind the front-runners in Quebec's election https://t.co/tx9uiMkO97,Mon Oct 01 12:36:34 +0000 2018
328,-329,-0.1779,0.0,0.116,0.884,"""AI Superpowers"" should be taken seriously. But it is not the final word https://t.co/e5FOR6xsEG",Mon Oct 01 12:21:02 +0000 2018
329,-330,-0.5423,0.0,0.212,0.788,Deeper cultural change is still needed to deal with harassment in American workplaces https://t.co/CKIdhXq0NU,Mon Oct 01 12:02:26 +0000 2018
330,-331,-0.4939,0.0,0.151,0.849,"The Greens have been helped by summer droughts in Germany, reminding voters of the dangers of climate change https://t.co/ppn1t1U4zZ",Mon Oct 01 11:46:40 +0000 2018
331,-332,0.0,0.0,0.0,1.0,"Thirty years on, there are still lessons to be learned from “Matilda” https://t.co/m2qZrPdlBK",Mon Oct 01 11:29:32 +0000 2018
332,-333,0.0,0.0,0.0,1.0,Think twice about copying your boss's habits https://t.co/ajtfaAZD8I,Mon Oct 01 11:11:00 +0000 2018
333,-334,0.3612,0.135,0.0,0.865,Esi Edugyan makes Wash a gifted storyteller; his keen observations bear the hallmarks of his artistic sensibility https://t.co/QP0Jp5o7S8,Mon Oct 01 10:52:18 +0000 2018
334,-335,-0.3182,0.0,0.113,0.887,A city battered by the loss of industry and the closing of the northern French mines is reinventing itself https://t.co/E5Zp1hm9fa,Mon Oct 01 10:33:08 +0000 2018
335,-336,0.0,0.0,0.0,1.0,Is a no-deal Brexit closer than ever? Listen to the latest episode of “The week ahead” podcast https://t.co/X5fR1BzHTc,Mon Oct 01 10:14:30 +0000 2018
336,-337,0.0,0.0,0.0,1.0,Can liberal democracies survive identity politics? https://t.co/OIvRJ33zGP,Mon Oct 01 09:56:00 +0000 2018
337,-338,0.2263,0.119,0.0,0.881,Such companies allow customers to watch their cars being made in purpose-built viewing galleries https://t.co/yyrWzR8KKv,Mon Oct 01 09:37:41 +0000 2018
338,-339,-0.0772,0.124,0.141,0.734,Comcast shares have fallen nearly 7% since it paid £30.6bn for control of Sky https://t.co/o8sYqPTOkb,Mon Oct 01 09:19:24 +0000 2018
339,-340,-0.3818,0.0,0.178,0.822,Kremlin-backed candidates are losing elections following a proposed hike in Russia's retirement age https://t.co/C1BzMgI68j,Mon Oct 01 09:00:59 +0000 2018
340,-341,0.6124,0.357,0.0,0.643,The deal hopes to restore gleam to a grubby-looking gold industry https://t.co/B9SHJdceaK,Mon Oct 01 08:42:15 +0000 2018
341,-342,0.0,0.0,0.0,1.0,Peru’s providential president https://t.co/9AwgSDKGTB,Mon Oct 01 08:23:30 +0000 2018
342,-343,0.0,0.0,0.0,1.0,"Private capital is more suited to ideas-rich firms, as private companies do not have to give away plans for spendin… https://t.co/OXUV2OO9WW",Mon Oct 01 08:04:45 +0000 2018
343,-344,-0.0258,0.127,0.131,0.742,Many of the faithful are appalled that the pope would recognise priests over whose appointment the stridently athei… https://t.co/2HezWEPZlt,Mon Oct 01 07:46:10 +0000 2018
344,-345,-0.4588,0.0,0.273,0.727,Iran’s troubles are mounting at home and abroad https://t.co/wp8s3Kg8n9,Mon Oct 01 07:30:11 +0000 2018
345,-346,0.3182,0.133,0.0,0.867,Most of the trade deal's original 24 chapters have gone untouched in the revised deal https://t.co/DkdreNB2Aw,Mon Oct 01 07:11:47 +0000 2018
346,-347,-0.8442,0.0,0.394,0.606,"Emerging from the war burdened with debt, Britain found itself being gradually supplanted as a global power https://t.co/ALWWLXij2p",Mon Oct 01 06:52:42 +0000 2018
347,-348,0.128,0.194,0.158,0.647,Even marriage to a Chinese national brings no special residency rights https://t.co/uwl7bSF1Lt,Mon Oct 01 06:33:23 +0000 2018
348,-349,-0.5423,0.0,0.163,0.837,"Ayushman Bharat aims to install a safety-net for the poorest half-billion of India’s 1.3bn citizens, which is to sa… https://t.co/970ulQSqSf",Mon Oct 01 06:14:00 +0000 2018
349,-350,0.0,0.0,0.0,1.0,Carrefour adds to the intrigue around a rival French grocer https://t.co/K646Amlm3R,Mon Oct 01 06:03:11 +0000 2018
350,-351,0.0772,0.067,0.0,0.933,An extraordinary number of Chinese people are going abroad—and then mostly returning. What impact will they have on… https://t.co/lMZ8dVutLn,Mon Oct 01 06:00:57 +0000 2018
351,-352,0.34,0.112,0.0,0.888,"In the wake of the British government’s austerity policies, punk is once again giving voice to young people’s frust… https://t.co/ApVJIHCN3R",Mon Oct 01 05:44:17 +0000 2018
352,-353,-0.8555,0.0,0.37,0.63,The corruption scandals and unexplained murders of critics that marred Abdulla Yameen’s rule are likely to be inves… https://t.co/c3yPYOl5aQ,Mon Oct 01 05:25:05 +0000 2018
353,-354,0.0,0.0,0.0,1.0,A tie-up is mooted between Emirates and Etihad https://t.co/wimDKu50B7,Mon Oct 01 05:19:33 +0000 2018
354,-355,-0.0516,0.0,0.107,0.893,What Russia’s upgrade of Syria’s air defences means for Israel https://t.co/E8VGVgOdAU,Mon Oct 01 05:00:22 +0000 2018
355,-356,0.0,0.0,0.0,1.0,The merger could surpass American Airlines to be the world's biggest airline group  https://t.co/pN4s4L5ceC,Mon Oct 01 04:40:55 +0000 2018
356,-357,0.3612,0.171,0.0,0.829,"The Federal Reserve has created a new benchmark dollar interest rate to replace LIBOR, but pickup has been slow https://t.co/ROjzIVqhjt",Mon Oct 01 04:21:39 +0000 2018
357,-358,-0.0516,0.0,0.066,0.934,"After Britain voted to leave the EU, member states moved fast to forge a consensus—and have maintained it https://t.co/qpiMvYk6de",Mon Oct 01 04:02:45 +0000 2018
358,-359,0.0,0.0,0.0,1.0,Why independence is not on the ballot in Quebec’s election https://t.co/PkLbj76tQ2,Mon Oct 01 03:44:42 +0000 2018
359,-360,0.2846,0.163,0.0,0.837,"Countries should be free to sell citizenship, but not to crooks https://t.co/PXoEaWTCgW",Mon Oct 01 03:24:45 +0000 2018
360,-361,-0.8591,0.0,0.548,0.452,The centenary of the 20th century’s worst catastrophe https://t.co/qGMgP70MND,Mon Oct 01 03:05:26 +0000 2018
361,-362,-0.2732,0.146,0.211,0.643,This has already been Indonesia’s deadliest year for natural disasters since 2010 https://t.co/E4nmouyWdS,Mon Oct 01 02:46:03 +0000 2018
362,-363,0.7178,0.3,0.0,0.7,".@GlenstoneMuseum has two magnificent works by Cildo Meireles, probably the most important living Brazilian artist https://t.co/m3GEe2rMGN",Mon Oct 01 02:27:51 +0000 2018
363,-364,0.6486,0.306,0.0,0.694,Lebanon’s government could save money by raising energy tariffs and reducing electricity theft https://t.co/lkyK51Lkv3,Mon Oct 01 02:07:45 +0000 2018
364,-365,0.3612,0.129,0.057,0.813,Kenny Laguna‘s ear for a tune and for what made a hit record combined with Joan Jett’s desire for toughness https://t.co/NJeqUrWgfl,Mon Oct 01 01:49:13 +0000 2018
365,-366,0.0,0.0,0.0,1.0,"Though European states continue to uphold the nuclear deal, some have left Iran to twist in the wind https://t.co/KF29WGuL4M",Mon Oct 01 01:30:40 +0000 2018
366,-367,-0.1531,0.185,0.205,0.61,"You do not have to be popular to run an authoritarian state, but Abdel-Fattah al-Sisi risks losing the support of E… https://t.co/EEyV8MyfuL",Mon Oct 01 01:10:46 +0000 2018
367,-368,0.6369,0.181,0.0,0.819,Two recently published accounts of life in Donald Trump's White House paint a picture of aides doing their best to… https://t.co/aWLsMqgP27,Mon Oct 01 01:00:41 +0000 2018
368,-369,0.34,0.179,0.0,0.821,An African enclave in China shows the limits of Chinese openness https://t.co/bNAQDefTd3,Mon Oct 01 00:51:00 +0000 2018
369,-370,-0.296,0.0,0.196,0.804,There are no quick fixes for South Africa’s economy https://t.co/HNVCJkn0MQ,Mon Oct 01 00:31:56 +0000 2018
370,-371,0.4588,0.333,0.0,0.667,William Boyd's prose is characteristically faultless https://t.co/bzscsIHnmJ,Mon Oct 01 00:12:33 +0000 2018
371,-372,0.4767,0.256,0.0,0.744,The beleaguered BRICS can be proud of their bank https://t.co/DUiLRHPkWA,Sun Sep 30 23:54:02 +0000 2018
372,-373,0.0,0.0,0.0,1.0,Officials in China use strong-arm tactics to curb burials https://t.co/egYC1nq9eO,Sun Sep 30 23:34:45 +0000 2018
373,-374,0.5719,0.316,0.0,0.684,American creditors say China should honour pre-Communist debts https://t.co/RqCv4BqISx,Sun Sep 30 23:14:43 +0000 2018
374,-375,-0.2023,0.0,0.231,0.769,Selling citizenship is big business—and controversial https://t.co/arsooKV3Zn,Sun Sep 30 22:56:03 +0000 2018
375,-376,-0.296,0.0,0.099,0.901,"The totality of Ms Wang’s performance means that, in the eyes of many critics, she “represents a new breed” of musi… https://t.co/g0hm2e56q9",Sun Sep 30 22:37:38 +0000 2018
376,-377,-0.296,0.0,0.099,0.901,"In Iraq, the breakdown of order since 2003 has allowed Islamist militias and vigilantes to impose their own idea of… https://t.co/SwWpRVa7ul",Sun Sep 30 22:19:21 +0000 2018
377,-378,-0.3182,0.0,0.247,0.753,Steering Chile away from the middle-income trap https://t.co/0LSvi99QlT,Sun Sep 30 22:00:57 +0000 2018
378,-379,-0.7845,0.0,0.53,0.47,Victims of forced sterilisation in Japan fight for compensation https://t.co/yXu36pTyct,Sun Sep 30 21:42:05 +0000 2018
379,-380,0.0,0.0,0.0,1.0,"During the Cultural Revolution, the builders of the New China did not need his old tales, those remnants of the imp… https://t.co/KssCVmTEFe",Sun Sep 30 21:22:24 +0000 2018
380,-381,-0.3182,0.0,0.113,0.887,Five countries in Asia are dumping more plastic into the ocean than the rest of the world combined https://t.co/4B9rZ79XFA,Sun Sep 30 21:18:25 +0000 2018
381,-382,-0.3612,0.0,0.238,0.762,Latin American leaders are embarrassed by their aeroplanes https://t.co/ClzSGaITtQ,Sun Sep 30 21:02:36 +0000 2018
382,-383,-0.296,0.091,0.156,0.753,"Lille is home to a growing startup scene. But close by, inequality and unemployment are rampant https://t.co/ARB1qo2fUA",Sun Sep 30 20:44:07 +0000 2018
383,-384,0.5571,0.213,0.0,0.787,“Joy as an Act of Resistance” suggests that challenging prevailing attitudes does not always mean anger and broken… https://t.co/5eUdGFZNyr,Sun Sep 30 20:25:09 +0000 2018
384,-385,-0.3182,0.0,0.133,0.867,The term “cultural appropriation” fundamentally misunderstands the process by which all cultures form and progress… https://t.co/omE9zT71Ep,Sun Sep 30 20:07:31 +0000 2018
385,-386,0.0258,0.216,0.209,0.576,The deal is chiefly motivated by Etihad's financial woes https://t.co/HQoxrDLksZ,Sun Sep 30 19:51:01 +0000 2018
386,-387,0.2732,0.178,0.093,0.729,"Enoch Powell would have been against Britain joining the EU. Awkwardly for liberals, he was also a fervent fan of f… https://t.co/kPBEnUaLBG",Sun Sep 30 19:33:50 +0000 2018
387,-388,0.0,0.0,0.0,1.0,Startups need much less capital to grow than in the past https://t.co/kIXBArHllI,Sun Sep 30 19:14:43 +0000 2018
388,-389,0.7096,0.349,0.0,0.651,"Which 1960s British politician inspired the UK Independence Party? Meet ""Enochonomics"" #OpenFuture https://t.co/NaTTOLVlLI",Sun Sep 30 18:55:31 +0000 2018
389,-390,-0.4588,0.117,0.297,0.586,There is a suspicion that the citizenship-selling business is one where money helps dodgy people cut corners https://t.co/09FXrx3oYm,Sun Sep 30 18:37:37 +0000 2018
390,-391,0.0,0.0,0.0,1.0,"""More than 60 American police departments use some form of “predictive policing” to guide their day-to-day operatio… https://t.co/PeDzrUR4EQ",Sun Sep 30 18:21:27 +0000 2018
391,-392,0.4019,0.13,0.0,0.87,"The Economist provides the insight, perspective and guidance to help you stand out. Subscribe today with our introd… https://t.co/mipdJhRYxq",Sun Sep 30 18:03:58 +0000 2018
392,-393,-0.34,0.0,0.13,0.87,"The insurance scheme’s first-year budget amounts to a miserly $300m (0.01% of GDP), hardly the “world’s biggest” https://t.co/3ZAgzeP78D",Sun Sep 30 17:45:06 +0000 2018
393,-394,0.2732,0.13,0.0,0.87,America may prefer to be the referee in trade rows as well as a participant https://t.co/87czaqI6B2,Sun Sep 30 17:33:36 +0000 2018
394,-395,-0.7178,0.0,0.222,0.778,"More misery may be on the way for the people of Sulawesi, after a tsunami struck in the east of Indonesia on Friday https://t.co/IOywfIROm6",Sun Sep 30 17:16:36 +0000 2018
395,-396,0.2846,0.125,0.0,0.875,"Citizens chafe against the free movement of goods and capital, but most of all people https://t.co/kZ1jb3JJvz",Sun Sep 30 17:00:06 +0000 2018
396,-397,0.1027,0.161,0.14,0.699,"Groups of people “hyperconnected” with technology are smarter than artificial-intelligence systems, argues Thomas M… https://t.co/xWo8sWobLa",Sun Sep 30 16:55:38 +0000 2018
397,-398,0.0,0.0,0.0,1.0,A scorching dissent from one judge found the whole enterprise unconstitutional https://t.co/Dn9I4dZet2,Sun Sep 30 16:39:06 +0000 2018
398,-399,-0.25,0.0,0.083,0.917,The Vatican will now have a say in how bishops are appointed in China. It remains unclear how this power will be ex… https://t.co/RkfSHxI0bk,Sun Sep 30 16:29:13 +0000 2018
399,-400,0.6597,0.323,0.086,0.591,Support for the monarchy may be tied to falling trust in elected politicians https://t.co/B3uRg2LQzj,Sun Sep 30 16:13:22 +0000 2018
400,-401,0.765,0.423,0.0,0.577,Only 13% of the world’s population enjoys a free press #OpenFuture https://t.co/X8O1rQz6lp,Thu Sep 27 19:45:34 +0000 2018
401,-402,0.4019,0.13,0.0,0.87,"The Economist provides the insight, perspective and guidance to help you stand out. Subscribe today with our introd… https://t.co/koKud7ckIr",Thu Sep 27 19:29:10 +0000 2018
402,-403,0.1531,0.12,0.093,0.787,"When Brexit day comes, Britain's hunger for change will not be sated—indeed, it will be stronger than ever https://t.co/NY26qjPWw0",Thu Sep 27 19:12:56 +0000 2018
403,-404,0.0,0.0,0.0,1.0,"Chile's economy has begun to purr again under Sebastián Piñera, but it has not yet returned to tigerish ways https://t.co/5O7WcAwiMs",Thu Sep 27 18:53:43 +0000 2018
404,-405,0.5859,0.202,0.0,0.798,To eradicate child marriage a government must win over imams and priests. Ethiopia is doing that https://t.co/r1ISR0M8UM,Thu Sep 27 18:35:32 +0000 2018
405,-406,0.0,0.0,0.0,1.0,Is a diplomatic reset between Germany and Turkey on the horizon?  https://t.co/ZNj7akhgVq,Thu Sep 27 18:20:05 +0000 2018
406,-407,0.3612,0.118,0.052,0.83,RT @EconCulture: Kenny Laguna‘s ear for a tune and for what made a hit record combined with Joan Jett’s desire for toughness https://t.co/t…,Thu Sep 27 18:00:33 +0000 2018
407,-408,0.0,0.0,0.0,1.0,Congress is trying to set a minimum distance between airline seats https://t.co/VAh5GZapNb,Thu Sep 27 17:42:21 +0000 2018
408,-409,0.6908,0.251,0.0,0.749,"Does President Donald Trump act in good faith? We asked @BishopCurry, the first black presiding bishop of America’s… https://t.co/UvZvk4PpqW",Thu Sep 27 17:23:03 +0000 2018
409,-410,0.0,0.0,0.0,1.0,RT @JamesMAstill: Cheri B. and Hakeem - my column on Hakeem Jeffries and the next generation Democratic leadership https://t.co/8cmGqG1h74…,Thu Sep 27 17:19:42 +0000 2018
410,-411,-0.7964,0.0,0.542,0.458,Spanish flu killed at least 50m people https://t.co/PL8Bvc7InV,Thu Sep 27 17:15:57 +0000 2018
411,-412,0.1027,0.156,0.137,0.708,The Tories are currently experiencing something strange—they are both weak and strong at the same time https://t.co/QuK70AKtzA,Thu Sep 27 16:57:03 +0000 2018
412,-413,-0.9001,0.0,0.611,0.389,Gun violence has killed 6.5m people worldwide since 1990 https://t.co/bii1LwMmHc,Thu Sep 27 16:52:25 +0000 2018
413,-414,0.5423,0.209,0.0,0.791,"While Labour has united behind a growing list of detailed plans for Britain's future, the Tories' thoughts are ill-… https://t.co/vbEEenK5u4",Thu Sep 27 16:47:02 +0000 2018
414,-415,-0.4215,0.0,0.149,0.851,Greenhouse gases from the waste industry could account for a tenth of the global total by 2025 https://t.co/2345X4YmyC,Thu Sep 27 16:35:21 +0000 2018
415,-416,0.0,0.0,0.0,1.0,"RT @JeremyCliffe: They said that Britain would ""divide and conquer"" in the Brexit talks, that the EU27's unity would shatter, that other me…",Thu Sep 27 16:24:48 +0000 2018
416,-417,0.3612,0.2,0.0,0.8,"If voters agree, countries have every right to sell citizenship https://t.co/gxpfpnsCot",Thu Sep 27 16:17:06 +0000 2018
417,-418,0.3962,0.22,0.0,0.78,"LIBOR, which has been called the world's most important number, is being phased out https://t.co/c2Fv65tgcY",Thu Sep 27 16:07:54 +0000 2018
418,-419,0.0,0.0,0.0,1.0,"Black Lives Matter's members shun centralised decision-making, preferring a “distributed leadership” https://t.co/Gh7mwfK0H5",Thu Sep 27 15:50:38 +0000 2018
419,-420,0.0,0.0,0.0,1.0,It takes a decade or more for patterns of social behaviour to change. #MeToo is just one year old https://t.co/UJBCsIxZTj,Thu Sep 27 15:33:36 +0000 2018
420,-421,-0.5719,0.0,0.163,0.837,"Beneath the chaos of Brexit, big ideas are forming in British politics. Our cover in the UK this week… https://t.co/kov7iBuvxK",Thu Sep 27 15:15:09 +0000 2018
421,-422,0.0,0.0,0.0,1.0,This week’s cartoon from KAL https://t.co/gNiqNtMcpP,Thu Sep 27 15:05:00 +0000 2018
422,-423,-0.4404,0.108,0.228,0.664,The British government is accused of failing to protect soldiers from facing trial over incidents during Northern I… https://t.co/k0FB8HeeS5,Thu Sep 27 14:55:45 +0000 2018
423,-424,0.1531,0.074,0.0,0.926,RT @EconCulture: Her collaborators comment on the playfulness of her performances but also the interpretative maturity she brings to the pi…,Thu Sep 27 14:37:28 +0000 2018
424,-425,0.0,0.0,0.0,1.0,"Fans of the Italian brand gloomily predict Versace will appear in shops such as Walmart, at drastic reductions https://t.co/wcXBgeEric",Thu Sep 27 14:17:57 +0000 2018
425,-426,0.204,0.091,0.0,0.909,Mr Erdogan will arrive in Germany with a long wish-list.  But he is almost certain to walk away empty-handed https://t.co/xkAKmrE9XY,Thu Sep 27 14:01:02 +0000 2018
426,-427,0.0,0.0,0.0,1.0,Fewer bees will mean fewer plants and therefore less to eat and less oxygen to breathe https://t.co/C7YLEeCuXf,Thu Sep 27 13:44:55 +0000 2018
427,-428,0.484,0.189,0.074,0.737,RT @Alicetotheskies: Punk isn't dead and @idlesband have proved that. My take on how their latest album brings the spirit of protest music…,Thu Sep 27 13:37:37 +0000 2018
428,-429,0.0,0.0,0.0,1.0,"The proportion of women working has risen during his tenure, which has helped offset the decline in the working-age… https://t.co/8ENrSuOI9f",Thu Sep 27 13:25:03 +0000 2018
429,-430,0.5267,0.195,0.0,0.805,"Two genes contribute to a build-up of carotenoids, which give the vegetable its vibrant colour https://t.co/5EiG9vXYrW",Thu Sep 27 13:18:44 +0000 2018
430,-431,-0.6486,0.0,0.212,0.788,"""Drive Your Plow Over the Bones of the Dead"" delivers a droll mixture of satire and philosophy https://t.co/jh4LTCPF7l",Thu Sep 27 12:58:44 +0000 2018
431,-432,-0.7964,0.0,0.283,0.717,"What can we learn from the Spanish flu pandemic, which killed over 50 million people a century ago? @kncukier explo… https://t.co/FpUac0uIdt",Thu Sep 27 12:41:56 +0000 2018
432,-433,0.3612,0.128,0.0,0.872,Can you crunch numbers and would you like to work for The Economist? We're hiring a data analyst:… https://t.co/z0Ni7665vA,Thu Sep 27 12:26:51 +0000 2018
433,-434,-0.8225,0.097,0.418,0.485,"It's becoming clear that loneliness leads to ill health, and that ill health can lead to loneliness https://t.co/zW530KVdgc",Thu Sep 27 12:08:32 +0000 2018
434,-435,-0.4215,0.0,0.167,0.833,"If Jair Bolsonaro becomes president, his authoritarian instincts might weaken Brazilian democracy still further https://t.co/shnzIXGnNa",Thu Sep 27 11:53:07 +0000 2018
435,-436,0.6369,0.219,0.0,0.781,"""Liberalism's greatest thinkers"" marks a collaboration between our writers and our readers for our 175th anniversar… https://t.co/xv3ZXTyeVG",Thu Sep 27 11:31:07 +0000 2018
436,-437,0.0,0.0,0.0,1.0,"Britain and America were rivals, and partners, in the Middle East https://t.co/eWMQ5Kb749",Thu Sep 27 11:11:46 +0000 2018
437,-438,0.5267,0.474,0.175,0.351,IDLES honour punk’s spirit of protest https://t.co/C6X1LIIoYo,Thu Sep 27 10:56:11 +0000 2018
438,-439,0.5106,0.163,0.0,0.837,"""A manifesto for liberalism"" marks the 175th anniversary of The Economist. Download it for free here #OpenFuture https://t.co/65wtravBnc",Thu Sep 27 10:39:48 +0000 2018
439,-440,0.0,0.0,0.0,1.0,"How did cars end up ruling the roads, and where did the idea of “jaywalking” come from? Find out in this week’s epi… https://t.co/MbIkwxxoba",Thu Sep 27 10:21:37 +0000 2018
440,-441,0.7506,0.444,0.0,0.556,A social wealth fund could counteract the concentration of wealth  https://t.co/2I53qiiNih,Thu Sep 27 10:04:54 +0000 2018
441,-442,0.128,0.16,0.099,0.741,"""The Spy and the Traitor"" reads like a real-life thriller, as tense as John le Carré's novels, or even Ian Fleming's https://t.co/bVZlnXc2p7",Thu Sep 27 09:45:32 +0000 2018
442,-443,0.1531,0.259,0.205,0.536,“Maniac” misunderstands the ingredients of good storytelling https://t.co/6iIFvguEGE,Thu Sep 27 09:26:28 +0000 2018
443,-444,0.8625,0.515,0.0,0.485,"Germany's Green Party are the ""nice"" party people like to say they support   https://t.co/xuh4BZCCQB",Thu Sep 27 09:07:37 +0000 2018
444,-445,-0.2263,0.0,0.106,0.894,"Every fortnight one of the 7,000 languages in the world will disappear forever. @lanegreene explains why https://t.co/IClteDHwAX",Thu Sep 27 09:01:20 +0000 2018
445,-446,-0.7906,0.0,0.348,0.652,"Economic inequality has only ever been rectified by warfare, revolution, state collapse and plague, argues Walter S… https://t.co/VaPwCPCDXx",Thu Sep 27 08:50:12 +0000 2018
446,-447,0.0,0.0,0.0,1.0,Evidence for a magnetic sense is mostly behavioural; researchers have yet to find receptors for it https://t.co/N8Z24pisPZ,Thu Sep 27 08:34:32 +0000 2018
447,-448,-0.296,0.102,0.147,0.752,"As the trade war with America rumbles on, some analysts expect that China will try to boost the economy with anothe… https://t.co/s970VmO4wu",Thu Sep 27 08:15:32 +0000 2018
448,-449,-0.34,0.082,0.145,0.773,“Museo” differs from the average heist film in making the stolen items characters as important as the protagonists https://t.co/PyJSd2d5Rf,Thu Sep 27 07:59:11 +0000 2018
449,-450,-0.5423,0.0,0.143,0.857,"For much of the 20th century, the colonial port-city was both a centre of organised crime and the heart of Hindi ci… https://t.co/y5TDsO7co7",Thu Sep 27 07:40:15 +0000 2018
450,-451,0.4215,0.141,0.0,0.859,"Rather than rare, striking words, it is humbler, smaller ones that make anonymous authors easier to identify https://t.co/4kUytnfA7d",Thu Sep 27 07:21:14 +0000 2018
451,-452,0.6124,0.238,0.0,0.762,"A startup bank plans to take advantage of the Fed’s interest rate on reserves, without lending to anyone https://t.co/WWOlhtOMMl",Thu Sep 27 07:02:16 +0000 2018
452,-453,-0.5719,0.0,0.156,0.844,"“Talk on the Wild Side” is aimed at prescriptivists, who view change in strictly negative terms as evidence of slip… https://t.co/4Mw0uPSzAi",Thu Sep 27 06:44:44 +0000 2018
453,-454,0.0,0.0,0.0,1.0,Are relations between Turkey and Germany getting back to normal? https://t.co/PFv0JCJwEQ,Thu Sep 27 06:29:03 +0000 2018
454,-455,0.1779,0.144,0.0,0.856,"The total number of displaced Venezuelans may already have reached 4m, out of a population of some 30m https://t.co/1e3QhQHtZv",Thu Sep 27 06:10:59 +0000 2018
455,-456,0.3818,0.14,0.0,0.86,Arizona offers one of the Democratic Party's few opportunities to take a Republican-held Senate seat this year https://t.co/ejlhbStIeX,Thu Sep 27 05:55:06 +0000 2018
456,-457,0.6124,0.16,0.0,0.84,"RT @EconCulture: “In Our Time” has the feel of a university seminar, with some of academia’s brightest taking 45 minutes to discuss a topic…",Thu Sep 27 05:35:54 +0000 2018
457,-458,-0.4588,0.0,0.182,0.818,Macroeconomic theorists disagree on almost everything. That is one of the reasons it is such a hard subject to teach https://t.co/OJn2VuXqH3,Thu Sep 27 05:18:31 +0000 2018
458,-459,0.4767,0.237,0.0,0.763,The towering popularity of “Bodyguard” is a result of its uncanniness https://t.co/uwm8ZYVx4Y,Thu Sep 27 05:00:25 +0000 2018
459,-460,0.3612,0.161,0.0,0.839,"Like it or not, Eurafrica is part of Europe's demographic and cultural destiny https://t.co/z7Xuz8qSi1",Thu Sep 27 04:44:36 +0000 2018
460,-461,0.0,0.0,0.0,1.0,Mr Macintyre's latest book of spies and derring-do tells the story of a senior KGB officer who worked secretly for… https://t.co/E3ZAkHHTTR,Thu Sep 27 04:25:36 +0000 2018
461,-462,0.6369,0.259,0.0,0.741,"At its heart “Bad Reputation”, a new documentary, is an unusual love story https://t.co/uS7SpwF9hO",Thu Sep 27 04:09:08 +0000 2018
462,-463,-0.3412,0.0,0.156,0.844,Catching up with European luxury conglomerates will not be easy for American firms https://t.co/MAq2YPw5uF,Thu Sep 27 03:50:59 +0000 2018
463,-464,-0.3182,0.0,0.204,0.796,My struggle to find a beer in Mauritania https://t.co/C95atVp4pS From @1843mag,Thu Sep 27 03:30:23 +0000 2018
464,-465,-0.8555,0.0,0.276,0.724,"Suicide is the leading cause of death for all Indians between ages 15 and 39, and for Indian women between 15 and 49 https://t.co/gaLuz1sif0",Thu Sep 27 03:09:37 +0000 2018
465,-466,0.5574,0.175,0.0,0.825,"""Sacred Games"" adapts Vikram Chandra's epic testament to the romance of Mumbai—the biggest, baddest city in India https://t.co/FydC2Kxt9K",Thu Sep 27 02:50:28 +0000 2018
466,-467,0.7579,0.351,0.0,0.649,"Working fewer hours has been shown to improve employees’ health, happiness and productivity https://t.co/Wv7r07fQYw",Thu Sep 27 02:35:03 +0000 2018
467,-468,0.0,0.0,0.0,1.0,Some sort of last minute muddle-through on bilateral flights between Britain and Europe is likely https://t.co/gW9FAeHgeB,Thu Sep 27 02:14:33 +0000 2018
468,-469,-0.6808,0.0,0.277,0.723,"Reducing immigration is a core Conservative policy, but it will hurt Britain economically https://t.co/lv5J6T1E8Z",Thu Sep 27 01:56:02 +0000 2018
469,-470,-0.34,0.0,0.107,0.893,"Carrots used to be white. Farmers may have grown orange crops accidentally at first, then later to make them stand… https://t.co/WYrKs55XZx",Thu Sep 27 01:38:49 +0000 2018
470,-471,0.0,0.0,0.0,1.0,"Writing for #OpenFuture, @harari_yuval poses four questions to ask politicians when they next seek election near you https://t.co/2fT8iu4fuF",Thu Sep 27 01:23:20 +0000 2018
471,-472,0.5163,0.245,0.099,0.656,"Striking words like ""lodestar"" don't help much to determine authorship. Frequently used words are far more helpful https://t.co/o570Wlafm6",Thu Sep 27 01:03:38 +0000 2018
472,-473,0.1027,0.111,0.093,0.796,Firms like YouTube and Facebook are at risk of becoming “ministries of truth”–arbiters of what billions of people d… https://t.co/ArbYqFNcJm,Thu Sep 27 00:42:53 +0000 2018
473,-474,-0.6249,0.0,0.272,0.728,The world has not learned the lessons of the financial crisis https://t.co/6szFJZE53b,Thu Sep 27 00:21:55 +0000 2018
474,-475,0.0,0.0,0.0,1.0,Both the Democratic and Republican candidates have made sizeable shifts in their political ideology https://t.co/FdCHvJSEpa,Thu Sep 27 00:03:59 +0000 2018
475,-476,-0.5984,0.0,0.178,0.822,Jair Bolsonaro would be a particularly nasty addition to the club of populists that includes Donald Trump and Rodri… https://t.co/euI1jmmHwA,Wed Sep 26 23:47:52 +0000 2018
476,-477,0.7906,0.365,0.096,0.538,"Its confidence bolstered by a strong creative team, “Maniac” sets out to explore difficult terrain: the human mind https://t.co/gTJO1F1vln",Wed Sep 26 23:28:50 +0000 2018
477,-478,0.0,0.0,0.0,1.0,"The moral of the film is that, when it comes to cultural heritage, “you don’t know what you have until it’s gone” https://t.co/gvYMKb1dXQ",Wed Sep 26 23:10:45 +0000 2018
478,-479,-0.5984,0.0,0.178,0.822,Jair Bolsonaro would be a particularly nasty addition to the club of populists that includes Donald Trump and Rodri… https://t.co/CndiB7eeFx,Wed Sep 26 22:52:34 +0000 2018
479,-480,0.0,0.0,0.0,1.0,"When essential goods are in short supply, Cubans find inventive uses for government-subsidised condoms https://t.co/rrCeUT9lYP",Wed Sep 26 22:37:14 +0000 2018
480,-481,0.7579,0.351,0.0,0.649,"Working fewer hours has been shown to improve employees’ health, happiness and productivity https://t.co/Qgolba0oHG",Wed Sep 26 22:18:29 +0000 2018
481,-482,0.3818,0.223,0.0,0.777,Water expands as it warms and glaciers are melting at both poles. Future storms will reach farther inland https://t.co/hkArlXslL3,Wed Sep 26 21:59:14 +0000 2018
482,-483,0.0,0.0,0.0,1.0,Even the most Europhile diplomats from EU countries think the idea of planes being grounded after Brexit is “ridicu… https://t.co/dlUWFBYEOw,Wed Sep 26 21:39:03 +0000 2018
483,-484,0.0,0.0,0.0,1.0,The British government claims a no-deal Brexit could ground flights to Europe https://t.co/Ew8S9JcBzj,Wed Sep 26 21:24:36 +0000 2018
484,-485,0.2648,0.094,0.0,0.906,"The average adult migrant from the European Economic Area yielded £2,370 more for the Treasury in 2017 than the ave… https://t.co/VxWTWgslvS",Wed Sep 26 21:07:25 +0000 2018
485,-486,0.0,0.0,0.0,1.0,Democratic voters are far from being the no-compromise liberals that the victory of Alexandria Ocasio-Cortez might… https://t.co/yt0sU83TLj,Wed Sep 26 20:48:01 +0000 2018
486,-487,0.0,0.0,0.0,1.0,Can Democrats take a Senate seat in Arizona? https://t.co/1g9QWQssUa,Wed Sep 26 20:42:24 +0000 2018
487,-488,0.1027,0.08,0.0,0.92,The challengers to the liberal world order envision the world as a network of walled-but-friendly fortresses. That… https://t.co/PnquOdBzm8,Wed Sep 26 20:27:03 +0000 2018
488,-489,0.0,0.0,0.0,1.0,“Bodyguard” had the highest launch figure of any new British drama since 2006 https://t.co/iW60CaLio1,Wed Sep 26 20:16:53 +0000 2018
489,-490,0.0,0.0,0.0,1.0,The first trial voyage by a container ship on the Northern Sea Route aims to gather data and determine whether the… https://t.co/qQUXk5EeVv,Wed Sep 26 19:59:53 +0000 2018
490,-491,0.5994,0.308,0.0,0.692,"Linguistic variation should be welcomed, since it lends the language greater expressiveness https://t.co/ik7g9zbGus",Wed Sep 26 19:39:20 +0000 2018
491,-492,0.25,0.131,0.074,0.795,"Republicans are rallying behind Brett Kavanaugh, inviting a serious blow to their personal reputations and party’s… https://t.co/6jkevLYTuS",Wed Sep 26 19:19:06 +0000 2018
492,-493,0.4019,0.184,0.089,0.726,Britain may be ending free movement just as public concern about it is falling  https://t.co/he5WZmBHRw,Wed Sep 26 19:05:00 +0000 2018
493,-494,0.8555,0.42,0.0,0.58,"The Democrats’ best hopes of making Senate gains are probably in Tennessee, Nevada and Arizona  https://t.co/HonvT8ZAtI",Wed Sep 26 18:51:06 +0000 2018
494,-495,-0.5423,0.083,0.19,0.726,"Vince Cable's Liberal Democrats have good ideas, but they are failing to distinguish themselves from the main parti… https://t.co/2b0TuEVw55",Wed Sep 26 18:37:02 +0000 2018
495,-496,0.3612,0.179,0.0,0.821,"For Chinese officials, extending super-fast lines to every corner of the country is a matter of national pride https://t.co/EfhVAgNRxQ",Wed Sep 26 18:21:04 +0000 2018
496,-497,0.2023,0.107,0.0,0.893,The Migration Advisory Committee has recommended that Britain lift the cap on skilled non-EU migrants https://t.co/2MyBPafN2f,Wed Sep 26 18:10:05 +0000 2018
497,-498,-0.4019,0.1,0.199,0.701,"Ahmed was 14 when he lost his arm in a barrel-bomb attack in Syria. 3D printing could help him, and many others https://t.co/MjTiCOcbxO",Wed Sep 26 18:00:01 +0000 2018
498,-499,0.0,0.0,0.0,1.0,"Adult albinos sell for an astronomical $70,000 https://t.co/7FEzBHT97Z",Wed Sep 26 17:59:06 +0000 2018
499,-500,0.4047,0.249,0.138,0.612,"As American interest rates have risen, emerging markets have looked less rewarding and more dangerous by comparison https://t.co/naoEqE5Pzc",Wed Sep 26 17:50:58 +0000 2018
